--- When using SR data, please cite us and provide a link and/or a mention.


 
,,,,,,,Playing Time,,,,Performance,,,,,,,,Per 90 Minutes,,,,,,-additional
Rk,Player,Nation,Pos,Squad,Age,Born,MP,Starts,Min,90s,Gls,Ast,G+A,G-PK,PK,PKatt,CrdY,CrdR,Gls,Ast,G+A,G-PK,G+A-PK,Matches,-9999
1,Max Aarons,eng ENG,DF,Bournemouth,24,2000,3,1,86,1.0,0,0,0,0,0,0,0,0,0.00,0.00,0.00,0.00,0.00,Matches,774cf58b
2,Joshua Acheampong,eng ENG,DF,Chelsea,18,2006,4,2,170,1.9,0,0,0,0,0,0,1,0,0.00,0.00,0.00,0.00,0.00,Matches,b7e62e1d
3,Tyler Adams,us USA,MF,Bournemouth,25,1999,28,21,1965,21.8,0,3,3,0,0,0,7,0,0.00,0.14,0.14,0.00,0.14,Matches,2b09d998
4,Tosin Adarabioyo,eng ENG,DF,Chelsea,26,1997,22,15,1409,15.7,1,1,2,1,0,0,4,0,0.06,0.06,0.13,0.06,0.13,Matches,c81d773d
5,Simon Adingra,ci CIV,MF,Brighton,22,2002,29,12,1097,12.2,2,2,4,2,0,0,0,0,0.16,0.16,0.33,0.16,0.33,Matches,4dcec659
6,Emmanuel Agbadou,ci CIV,DF,Wolves,27,1997,16,16,1410,15.7,1,0,1,1,0,0,3,0,0.06,0.00,0.06,0.06,0.06,Matches,75f1ed80
7,Asher Agbinone,eng ENG,MF,Crystal Palace,18,2005,2,0,6,0.1,0,0,0,0,0,0,0,0,0.00,0.00,0.00,0.00,0.00,Matches,6a10efb3
8,Ola Aina,ng NGA,DF,Nottingham,27,1996,35,35,2995,33.3,2,1,3,2,0,0,5,0,0.06,0.03,0.09,0.06,0.09,Matches,246d153b
9,Rayan Aït-Nouri,dz ALG,MFDF,Wolves,23,2001,37,37,3109,34.5,4,7,11,4,0,0,7,1,0.12,0.20,0.32,0.12,0.32,Matches,9b398aea
10,Kristoffer Ajer,no NOR,DF,Brentford,26,1998,24,17,1438,16.0,0,0,0,0,0,0,5,0,0.00,0.00,0.00,0.00,0.00,Matches,a8c0acb7
11,Manuel Akanji,ch SUI,DFMF,Manchester City,29,1995,26,23,2014,22.4,0,0,0,0,0,0,3,0,0.00,0.00,0.00,0.00,0.00,Matches,89ac64a6
12,Nathan Aké,nl NED,DF,Manchester City,29,1995,10,8,678,7.5,0,0,0,0,0,0,0,0,0.00,0.00,0.00,0.00,0.00,Matches,eaeca114
13,Carlos Alcaraz,ar ARG,MF,Southampton,21,2002,1,0,10,0.1,0,0,0,0,0,0,0,0,0.00,0.00,0.00,0.00,0.00,Matches,4abac767
14,Carlos Alcaraz,ar ARG,MF,Everton,21,2002,15,7,764,8.5,2,3,5,2,0,0,4,0,0.24,0.35,0.59,0.24,0.59,Matches,4abac767
15,Trent Alexander-Arnold,eng ENG,DF,Liverpool,25,1998,33,28,2365,26.3,3,6,9,3,0,0,5,0,0.11,0.23,0.34,0.11,0.34,Matches,cd1acf9d
16,Alisson,br BRA,GK,Liverpool,31,1992,28,28,2508,27.9,0,0,0,0,0,0,0,0,0.00,0.00,0.00,0.00,0.00,Matches,7a2e46a8
17,Miguel Almirón,py PAR,FW,Newcastle,30,1994,9,1,157,1.7,0,0,0,0,0,0,0,0,0.00,0.00,0.00,0.00,0.00,Matches,862a1c15
18,Olabade Aluko,,DF,Leicester City,,,1,0,2,0.0,0,0,0,0,0,0,0,0,0.00,0.00,0.00,0.00,0.00,Matches,12bb637a
19,Edson Álvarez,mx MEX,MF,West Ham,26,1997,28,20,1772,19.7,0,1,1,0,0,0,9,1,0.00,0.05,0.05,0.00,0.05,Matches,8b3ab7ad
20,Will Alves,eng ENG,MF,Leicester City,19,2005,1,0,1,0.0,0,0,0,0,0,0,0,0,0.00,0.00,0.00,0.00,0.00,Matches,39ef5a7b
21,Harry Amass,eng ENG,MF,Manchester Utd,17,2007,5,4,346,3.8,0,0,0,0,0,0,0,0,0.00,0.00,0.00,0.00,0.00,Matches,7b47100c
22,Samuel Amo-Ameyaw,eng ENG,FWMF,Southampton,18,2006,2,0,28,0.3,0,0,0,0,0,0,1,0,0.00,0.00,0.00,0.00,0.00,Matches,9eedf0e0
23,Mathis Amougou,fr FRA,MF,Chelsea,18,2006,1,0,8,0.1,0,0,0,0,0,0,0,0,0.00,0.00,0.00,0.00,0.00,Matches,f93cca97
24,Joachim Andersen,dk DEN,DF,Crystal Palace,28,1996,1,1,90,1.0,0,0,0,0,0,0,1,0,0.00,0.00,0.00,0.00,0.00,Matches,e34fc66d
25,Joachim Andersen,dk DEN,DF,Fulham,28,1996,29,29,2583,28.7,0,0,0,0,0,0,6,1,0.00,0.00,0.00,0.00,0.00,Matches,e34fc66d
26,Elliot Anderson,eng ENG,MF,Nottingham,21,2002,37,33,2728,30.3,2,6,8,2,0,0,10,0,0.07,0.20,0.26,0.07,0.26,Matches,de31038e
27,André,br BRA,MF,Wolves,23,2001,33,31,2472,27.5,0,0,0,0,0,0,7,0,0.00,0.00,0.00,0.00,0.00,Matches,ec604e2c
28,Michail Antonio,jm JAM,FW,West Ham,34,1990,14,11,836,9.3,1,1,2,1,0,0,1,0,0.11,0.11,0.22,0.11,0.22,Matches,ac05f970
29,Antony,br BRA,FWMF,Manchester Utd,24,2000,8,0,141,1.6,0,0,0,0,0,0,0,0,0.00,0.00,0.00,0.00,0.00,Matches,99127249
30,Julian Araujo,mx MEX,DF,Bournemouth,22,2001,12,7,497,5.5,0,0,0,0,0,0,2,0,0.00,0.00,0.00,0.00,0.00,Matches,8f4541c2
31,Cameron Archer,eng ENG,FW,Southampton,23,2001,35,13,1441,16.0,2,0,2,2,0,1,0,0,0.12,0.00,0.12,0.12,0.12,Matches,05e8ca6d
32,Alphonse Areola,fr FRA,GK,West Ham,31,1993,26,25,2260,25.1,0,0,0,0,0,0,0,0,0.00,0.00,0.00,0.00,0.00,Matches,2f965a72
33,Joe Aribo,ng NGA,MF,Southampton,28,1996,32,21,2013,22.4,3,0,3,3,0,0,1,0,0.13,0.00,0.13,0.13,0.13,Matches,328f7d51
34,Adam Armstrong,eng ENG,FWMF,Southampton,27,1997,20,15,1248,13.9,2,2,4,2,0,1,4,0,0.14,0.14,0.29,0.14,0.29,Matches,68c720b5
35,Harrison Armstrong,eng ENG,MF,Everton,17,2007,3,0,48,0.5,0,0,0,0,0,0,1,0,0.00,0.00,0.00,0.00,0.00,Matches,de59e609
36,Kepa Arrizabalaga,es ESP,GK,Bournemouth,29,1994,31,31,2790,31.0,0,0,0,0,0,0,3,0,0.00,0.00,0.00,0.00,0.00,Matches,28d596a0
37,Marco Asensio,es ESP,MF,Aston Villa,28,1996,13,9,743,8.3,3,1,4,3,0,2,2,0,0.36,0.12,0.48,0.36,0.48,Matches,45af8a54
38,Brandon Austin,eng ENG,GK,Tottenham,25,1999,1,1,90,1.0,0,0,0,0,0,0,0,0,0.00,0.00,0.00,0.00,0.00,Matches,5e253986
39,Taiwo Awoniyi,ng NGA,FW,Nottingham,26,1997,26,3,416,4.6,1,0,1,1,0,0,0,0,0.22,0.00,0.22,0.22,0.22,Matches,e5478b87
40,Yasin Ayari,se SWE,MF,Brighton,20,2003,34,22,1965,21.8,2,1,3,2,0,0,3,0,0.09,0.05,0.14,0.09,0.14,Matches,f173303a
41,Jordan Ayew,gh GHA,FWMF,Crystal Palace,32,1991,1,0,21,0.2,0,0,0,0,0,0,1,0,0.00,0.00,0.00,0.00,0.00,Matches,da052c14
42,Jordan Ayew,gh GHA,MF,Leicester City,32,1991,30,19,1638,18.2,5,0,5,4,1,1,5,0,0.27,0.00,0.27,0.22,0.22,Matches,da052c14
43,Benoît Badiashile,fr FRA,DF,Chelsea,23,2001,5,3,334,3.7,0,0,0,0,0,0,0,0,0.00,0.00,0.00,0.00,0.00,Matches,06df8256
44,Leon Bailey,jm JAM,MF,Aston Villa,26,1997,24,14,1139,12.7,1,2,3,1,0,0,3,0,0.08,0.16,0.24,0.08,0.24,Matches,3a233281
45,Carlos Baleba,cm CMR,MF,Brighton,20,2004,34,31,2661,29.6,3,1,4,3,0,0,8,1,0.10,0.03,0.14,0.10,0.14,Matches,a1390d2f
46,Ross Barkley,eng ENG,MF,Aston Villa,30,1993,20,3,581,6.5,3,1,4,3,0,0,3,0,0.46,0.15,0.62,0.46,0.62,Matches,3a24769f
47,Harvey Barnes,eng ENG,FWMF,Newcastle,26,1997,33,17,1755,19.5,9,4,13,9,0,0,0,0,0.46,0.21,0.67,0.46,0.67,Matches,3ea50f67
48,Calvin Bassey,ng NGA,DF,Fulham,24,1999,35,34,3074,34.2,1,0,1,1,0,0,7,0,0.03,0.00,0.03,0.03,0.03,Matches,a36524bf
49,Altay Bayındır,tr TUR,GK,Manchester Utd,26,1998,4,4,360,4.0,0,0,0,0,0,0,0,0,0.00,0.00,0.00,0.00,0.00,Matches,072e68ed
50,Jan Bednarek,pl POL,DF,Southampton,28,1996,30,30,2531,28.1,2,0,2,2,0,0,7,0,0.07,0.00,0.07,0.07,0.07,Matches,4115ce4e
51,Armel Bella Kotchap,de GER,DF,Southampton,22,2001,4,2,331,3.7,0,0,0,0,0,0,0,0,0.00,0.00,0.00,0.00,0.00,Matches,a39d11bc
52,Jean-Ricner Bellegarde,ht HAI,MF,Wolves,26,1998,35,20,1677,18.6,2,7,9,2,0,0,3,0,0.11,0.38,0.48,0.11,0.48,Matches,10f0fdd3
53,Rodrigo Bentancur,uy URU,MF,Tottenham,27,1997,26,21,1645,18.3,2,0,2,2,0,0,9,0,0.11,0.00,0.11,0.11,0.11,Matches,3b8674e6
54,Daniel Bentley,eng ENG,GK,Wolves,31,1993,2,2,180,2.0,0,0,0,0,0,0,0,0,0.00,0.00,0.00,0.00,0.00,Matches,68db6358
55,Sander Berge,no NOR,MF,Fulham,26,1998,31,26,2224,24.7,0,0,0,0,0,0,6,0,0.00,0.00,0.00,0.00,0.00,Matches,d0b6129f
56,Lucas Bergvall,se SWE,MF,Tottenham,18,2006,27,11,1212,13.5,0,1,1,0,0,0,3,0,0.00,0.07,0.07,0.00,0.07,Matches,a109e5c8
57,Victor Bernth Kristiansen,dk DEN,DFMF,Leicester City,21,2002,30,29,2482,27.6,0,1,1,0,0,0,1,0,0.00,0.04,0.04,0.00,0.04,Matches,505486d6
58,Beto,gw GNB,FW,Everton,26,1998,30,15,1534,17.0,8,0,8,8,0,0,2,0,0.47,0.00,0.47,0.47,0.47,Matches,ed5c0319
59,Philip Billing,dk DEN,MF,Bournemouth,28,1996,10,1,184,2.0,0,0,0,0,0,0,1,0,0.00,0.00,0.00,0.00,0.00,Matches,d328a254
60,Yves Bissouma,ml MLI,MF,Tottenham,27,1996,28,16,1408,15.6,2,0,2,2,0,0,7,0,0.13,0.00,0.13,0.13,0.13,Matches,6c203af0
61,Oscar Bobb,no NOR,FWMF,Manchester City,21,2003,3,0,16,0.2,0,0,0,0,0,0,0,0,0.00,0.00,0.00,0.00,0.00,Matches,eed2427e
62,Lamare Bogarde,nl NED,DFMF,Aston Villa,20,2004,8,5,476,5.3,0,0,0,0,0,0,2,0,0.00,0.00,0.00,0.00,0.00,Matches,bca5c4a7
63,Willy Boly,ci CIV,DF,Nottingham,33,1991,6,1,150,1.7,0,0,0,0,0,0,1,0,0.00,0.00,0.00,0.00,0.00,Matches,a4ac4b8f
64,Sven Botman,nl NED,DF,Newcastle,24,2000,8,6,412,4.6,0,0,0,0,0,0,1,0,0.00,0.00,0.00,0.00,0.00,Matches,ccce7025
65,Jarrod Bowen,eng ENG,MFFW,West Ham,27,1996,34,34,2973,33.0,13,8,21,12,1,1,1,0,0.39,0.24,0.64,0.36,0.61,Matches,79c84d1c
66,Conor Bradley,nir NIR,DF,Liverpool,21,2003,19,7,754,8.4,0,2,2,0,0,0,4,0,0.00,0.24,0.24,0.00,0.24,Matches,bbd67769
67,Jarrad Branthwaite,eng ENG,DF,Everton,22,2002,30,28,2511,27.9,0,1,1,0,0,0,4,0,0.00,0.04,0.04,0.00,0.04,Matches,c1949191
68,James Bree,eng ENG,DFMF,Southampton,26,1997,17,13,1075,11.9,0,1,1,0,0,0,0,0,0.00,0.08,0.08,0.00,0.08,Matches,c07b7c5c
69,Ben Brereton,cl CHI,FWMF,Southampton,25,1999,10,4,449,5.0,0,0,0,0,0,0,1,0,0.00,0.00,0.00,0.00,0.00,Matches,57827369
70,Nathan Broadhead,wls WAL,MF,Ipswich Town,26,1998,18,7,702,7.8,2,0,2,2,0,0,1,0,0.26,0.00,0.26,0.26,0.26,Matches,43309491
71,Armando Broja,al ALB,FW,Everton,22,2001,10,4,334,3.7,0,0,0,0,0,0,1,0,0.00,0.00,0.00,0.00,0.00,Matches,97220da2
72,David Brooks,wls WAL,MF,Bournemouth,27,1997,29,9,960,10.7,2,0,2,2,0,0,3,0,0.19,0.00,0.19,0.19,0.19,Matches,dc4cae05
73,Emi Buendía,ar ARG,FWMF,Aston Villa,27,1996,12,0,98,1.1,0,0,0,0,0,0,1,0,0.00,0.00,0.00,0.00,0.00,Matches,66b76d44
74,Santiago Bueno,uy URU,DF,Wolves,25,1998,29,18,1687,18.7,0,0,0,0,0,0,2,0,0.00,0.00,0.00,0.00,0.00,Matches,edc98fac
75,Facundo Buonanotte,ar ARG,MFFW,Leicester City,19,2004,31,14,1523,16.9,5,2,7,5,0,0,8,0,0.30,0.12,0.41,0.30,0.41,Matches,468a7a91
76,Cameron Burgess,au AUS,DF,Ipswich Town,28,1995,18,16,1541,17.1,0,2,2,0,0,0,0,0,0.00,0.12,0.12,0.00,0.12,Matches,da61ca98
77,Dan Burn,eng ENG,DF,Newcastle,32,1992,37,37,3330,37.0,1,1,2,1,0,0,11,0,0.03,0.03,0.05,0.03,0.05,Matches,b2d31e83
78,Wes Burns,wls WAL,MF,Ipswich Town,29,1994,18,12,926,10.3,0,1,1,0,0,0,1,0,0.00,0.10,0.10,0.00,0.10,Matches,b3fe23c6
79,Nathan Butler-Oyedeji,eng ENG,FW,Arsenal,21,2003,1,0,7,0.1,0,0,0,0,0,0,0,0,0.00,0.00,0.00,0.00,0.00,Matches,3a686640
80,Moisés Caicedo,ec ECU,MFDF,Chelsea,22,2001,38,38,3351,37.2,1,2,3,1,0,0,11,0,0.03,0.05,0.08,0.03,0.08,Matches,16264a81
81,Tom Cairney,sct SCO,MF,Fulham,33,1991,25,3,628,7.0,2,0,2,2,0,0,3,1,0.29,0.00,0.29,0.29,0.29,Matches,a8748947
82,Jens Cajuste,se SWE,MF,Ipswich Town,24,1999,30,25,1959,21.8,1,1,2,1,0,0,2,0,0.05,0.05,0.09,0.05,0.09,Matches,928a4a61
83,Riccardo Calafiori,it ITA,DF,Arsenal,22,2002,19,11,983,10.9,2,1,3,2,0,0,4,0,0.18,0.09,0.27,0.18,0.27,Matches,aded8e6f
84,Dominic Calvert-Lewin,eng ENG,FW,Everton,27,1997,26,19,1609,17.9,3,1,4,3,0,0,2,0,0.17,0.06,0.22,0.17,0.22,Matches,59e6e5bf
85,Diego Carlos,br BRA,DF,Aston Villa,31,1993,10,8,830,9.2,0,0,0,0,0,0,1,0,0.00,0.00,0.00,0.00,0.00,Matches,b4a014b1
86,Fabio Carvalho,pt POR,FWMF,Brentford,21,2002,19,3,455,5.1,2,1,3,2,0,0,1,0,0.40,0.20,0.59,0.40,0.59,Matches,966e28d0
87,Casemiro,br BRA,MF,Manchester Utd,32,1992,24,18,1494,16.6,1,0,1,1,0,0,5,0,0.06,0.00,0.06,0.06,0.06,Matches,4d224fe8
88,Kaelan Casey,eng ENG,DF,West Ham,19,2004,1,0,1,0.0,0,0,0,0,0,0,0,0,0.00,0.00,0.00,0.00,0.00,Matches,cd4b2c5f
89,Matty Cash,pl POL,DF,Aston Villa,26,1997,27,24,2070,23.0,1,1,2,1,0,0,7,0,0.04,0.04,0.09,0.04,0.09,Matches,2389cdc2
90,Eiran Cashin,ie IRL,DF,Brighton,22,2001,2,0,20,0.2,0,0,0,0,0,0,0,0,0.00,0.00,0.00,0.00,0.00,Matches,f557c3b8
91,Timothy Castagne,be BEL,DFMF,Fulham,28,1995,24,17,1649,18.3,0,1,1,0,0,0,1,0,0.00,0.05,0.05,0.00,0.05,Matches,197640fd
92,Trevoh Chalobah,eng ENG,DF,Chelsea,25,1999,13,11,910,10.1,0,1,1,0,0,0,2,0,0.00,0.10,0.10,0.00,0.10,Matches,5515376c
93,Trevoh Chalobah,eng ENG,DF,Crystal Palace,25,1999,12,12,1060,11.8,3,0,3,3,0,0,1,0,0.25,0.00,0.25,0.25,0.25,Matches,5515376c
94,Conor Chaplin,eng ENG,MFFW,Ipswich Town,27,1997,22,10,857,9.5,1,1,2,1,0,0,2,0,0.11,0.11,0.21,0.11,0.21,Matches,4ec55b87
95,Youssef Chermiti,pt POR,FW,Everton,20,2004,4,0,45,0.5,0,0,0,0,0,0,1,0,0.00,0.00,0.00,0.00,0.00,Matches,890f108d
96,Federico Chiesa,it ITA,FW,Liverpool,26,1997,6,1,108,1.2,0,0,0,0,0,0,0,0,0.00,0.00,0.00,0.00,0.00,Matches,b0f7e36c
97,Ben Chilwell,eng ENG,MF,Crystal Palace,27,1996,8,1,259,2.9,1,0,1,1,0,0,1,0,0.35,0.00,0.35,0.35,0.35,Matches,d2424d1b
98,Chiquinho,pt POR,FWMF,Wolves,24,2000,1,0,7,0.1,0,0,0,0,0,0,0,0,0.00,0.00,0.00,0.00,0.00,Matches,dc6c2f02
99,Hamza Choudhury,bd BAN,MF,Leicester City,26,1997,4,1,131,1.5,0,0,0,0,0,0,0,0,0.00,0.00,0.00,0.00,0.00,Matches,7d2d3329
100,Ryan Christie,sct SCO,MF,Bournemouth,29,1995,29,27,2117,23.5,2,3,5,2,0,0,9,0,0.09,0.13,0.21,0.09,0.21,Matches,26ce2263
101,Harry Clarke,eng ENG,DF,Ipswich Town,23,2001,7,4,379,4.2,0,0,0,0,0,0,3,1,0.00,0.00,0.00,0.00,0.00,Matches,a64f2573
102,Jack Clarke,eng ENG,MF,Ipswich Town,23,2000,32,12,1181,13.1,0,4,4,0,0,0,2,0,0.00,0.30,0.30,0.00,0.30,Matches,e16932d8
103,Nathaniel Clyne,eng ENG,DFMF,Crystal Palace,33,1991,13,5,483,5.4,0,0,0,0,0,0,1,0,0.00,0.00,0.00,0.00,0.00,Matches,0442183b
104,Conor Coady,eng ENG,DF,Leicester City,31,1993,22,19,1714,19.0,1,0,1,1,0,0,3,0,0.05,0.00,0.05,0.05,0.05,Matches,2928dca2
105,Séamus Coleman,ie IRL,DF,Everton,35,1988,5,3,215,2.4,0,0,0,0,0,0,1,0,0.00,0.00,0.00,0.00,0.00,Matches,0420d84f
106,Nathan Collins,ie IRL,DF,Brentford,23,2001,38,38,3420,38.0,2,3,5,2,0,0,5,0,0.05,0.08,0.13,0.05,0.13,Matches,a8c19eb8
107,Toby Collyer,eng ENG,MF,Manchester Utd,20,2004,6,0,179,2.0,0,0,0,0,0,0,0,0,0.00,0.00,0.00,0.00,0.00,Matches,4f9091bc
108,Levi Colwill,eng ENG,DF,Chelsea,21,2003,35,35,3149,35.0,2,1,3,2,0,0,9,0,0.06,0.03,0.09,0.06,0.09,Matches,700783e7
109,Lewis Cook,eng ENG,MFDF,Bournemouth,27,1997,36,32,2978,33.1,1,3,4,1,0,0,8,1,0.03,0.09,0.12,0.03,0.12,Matches,2afc7272
110,Maxwel Cornet,ci CIV,MF,Southampton,27,1996,2,1,72,0.8,0,0,0,0,0,0,1,0,0.00,0.00,0.00,0.00,0.00,Matches,beb391dd
111,Vladimír Coufal,cz CZE,DFMF,West Ham,31,1992,22,11,1067,11.9,0,0,0,0,0,0,5,0,0.00,0.00,0.00,0.00,0.00,Matches,fdf3cb77
112,Woyo Coulibaly,ml MLI,DF,Leicester City,25,1999,4,1,109,1.2,0,0,0,0,0,0,1,0,0.00,0.00,0.00,0.00,0.00,Matches,beb6e3a6
113,Aaron Cresswell,eng ENG,DF,West Ham,34,1989,18,10,824,9.2,0,0,0,0,0,0,3,0,0.00,0.00,0.00,0.00,0.00,Matches,4f974391
114,Marc Cucurella,es ESP,DF,Chelsea,26,1998,36,33,2988,33.2,5,1,6,5,0,0,10,1,0.15,0.03,0.18,0.15,0.18,Matches,1daec722
115,Jorge Cuenca,es ESP,DF,Fulham,24,1999,8,4,351,3.9,0,0,0,0,0,0,0,0,0.00,0.00,0.00,0.00,0.00,Matches,0abc51f2
116,Matheus Cunha,br BRA,MF,Wolves,25,1999,33,29,2597,28.9,15,6,21,15,0,0,4,0,0.52,0.21,0.73,0.52,0.73,Matches,dc62b55d
117,Patson Daka,zm ZAM,MFFW,Leicester City,25,1998,23,6,736,8.2,1,0,1,1,0,0,0,0,0.12,0.00,0.12,0.12,0.12,Matches,ca45605e
118,Diogo Dalot,pt POR,MFDF,Manchester Utd,25,1999,33,31,2814,31.3,0,3,3,0,0,0,5,0,0.00,0.10,0.10,0.00,0.10,Matches,d9565625
119,Mikkel Damsgaard,dk DEN,MF,Brentford,24,2000,38,34,2911,32.3,2,10,12,2,0,0,2,0,0.06,0.31,0.37,0.06,0.37,Matches,215f3907
120,Jayden Danns,eng ENG,FW,Liverpool,18,2006,1,0,11,0.1,0,0,0,0,0,0,0,0,0.00,0.00,0.00,0.00,0.00,Matches,003cf4d1
121,Kevin Danso,at AUT,DF,Tottenham,25,1998,10,9,842,9.4,0,0,0,0,0,0,0,0,0.00,0.00,0.00,0.00,0.00,Matches,6e33125f
122,Ben Davies,wls WAL,DF,Tottenham,31,1993,17,14,1331,14.8,0,0,0,0,0,0,5,0,0.00,0.00,0.00,0.00,0.00,Matches,44781702
123,Leif Davis,eng ENG,DF,Ipswich Town,24,1999,33,32,2743,30.5,1,2,3,1,0,0,5,1,0.03,0.07,0.10,0.03,0.10,Matches,8574c61f
124,Craig Dawson,eng ENG,DF,Wolves,34,1990,15,10,971,10.8,0,0,0,0,0,0,2,0,0.00,0.00,0.00,0.00,0.00,Matches,3e9e06cb
125,Kevin De Bruyne,be BEL,MFFW,Manchester City,33,1991,28,19,1702,18.9,4,7,11,4,0,0,2,0,0.21,0.37,0.58,0.21,0.58,Matches,e46012d4
126,Bobby De Cordova-Reid,jm JAM,MFFW,Leicester City,31,1993,23,9,744,8.3,1,2,3,1,0,0,2,0,0.12,0.24,0.36,0.12,0.36,Matches,0f7533cd
127,Liam Delap,eng ENG,FW,Ipswich Town,21,2003,37,32,2593,28.8,12,2,14,10,2,2,12,0,0.42,0.07,0.49,0.35,0.42,Matches,dd897ee7
128,Sepp van den Berg,nl NED,DF,Brentford,22,2001,31,29,2586,28.7,0,0,0,0,0,0,3,0,0.00,0.00,0.00,0.00,0.00,Matches,7bf9400b
129,Justin Devenny,nir NIR,MF,Crystal Palace,20,2003,23,4,507,5.6,1,1,2,1,0,0,1,0,0.18,0.18,0.36,0.18,0.36,Matches,6c2b66fc
130,Kiernan Dewsbury-Hall,eng ENG,MF,Chelsea,25,1998,13,2,264,2.9,0,1,1,0,0,0,0,0,0.00,0.34,0.34,0.00,0.34,Matches,5c74c0f5
131,Amad Diallo,ci CIV,MFFW,Manchester Utd,22,2002,26,20,1901,21.1,8,6,14,8,0,0,5,0,0.38,0.28,0.66,0.38,0.66,Matches,9dc96f10
132,Rúben Dias,pt POR,DFMF,Manchester City,27,1997,27,25,2271,25.2,0,0,0,0,0,0,4,0,0.00,0.00,0.00,0.00,0.00,Matches,31c69ef1
133,Luis Díaz,co COL,FWMF,Liverpool,27,1997,36,28,2399,26.7,13,5,18,13,0,0,2,0,0.49,0.19,0.68,0.49,0.68,Matches,4a1a9578
134,Tyler Dibling,eng ENG,MFFW,Southampton,18,2006,33,20,1874,20.8,2,0,2,2,0,0,6,0,0.10,0.00,0.10,0.10,0.10,Matches,bdcc89ae
135,Lucas Digne,fr FRA,DF,Aston Villa,31,1993,32,28,2351,26.1,0,4,4,0,0,0,4,0,0.00,0.15,0.15,0.00,0.15,Matches,1b84dbe1
136,Issa Diop,ma MAR,DF,Fulham,27,1997,21,15,1339,14.9,0,0,0,0,0,0,2,0,0.00,0.00,0.00,0.00,0.00,Matches,a712ca2b
137,Axel Disasi,fr FRA,DF,Aston Villa,26,1998,7,5,490,5.4,0,0,0,0,0,0,2,0,0.00,0.00,0.00,0.00,0.00,Matches,ad82197c
138,Axel Disasi,fr FRA,DF,Chelsea,26,1998,6,4,364,4.0,1,0,1,1,0,0,1,0,0.25,0.00,0.25,0.25,0.25,Matches,ad82197c
139,Roman Dixon,eng ENG,DF,Everton,19,2004,1,1,90,1.0,0,0,0,0,0,0,0,0,0.00,0.00,0.00,0.00,0.00,Matches,6fba4dba
140,Nasser Djiga,bf BFA,DF,Wolves,21,2002,5,1,66,0.7,0,0,0,0,0,0,0,0,0.00,0.00,0.00,0.00,0.00,Matches,1a7a4d84
141,Matt Doherty,ie IRL,DFMF,Wolves,32,1992,30,25,2109,23.4,2,1,3,2,0,0,6,0,0.09,0.04,0.13,0.09,0.13,Matches,d557d734
142,Jeremy Doku,be BEL,MFFW,Manchester City,22,2002,29,16,1516,16.8,3,6,9,3,0,0,1,0,0.18,0.36,0.53,0.18,0.53,Matches,fffea3e5
143,Nicolás Domínguez,ar ARG,MF,Nottingham,26,1998,34,23,1963,21.8,0,1,1,0,0,0,9,0,0.00,0.05,0.05,0.00,0.05,Matches,20b3a502
144,Patrick Dorgu,dk DEN,MF,Manchester Utd,19,2004,12,10,842,9.4,0,0,0,0,0,0,3,1,0.00,0.00,0.00,0.00,0.00,Matches,e6536124
145,Alfie Dorrington,eng ENG,DF,Tottenham,19,2005,1,0,14,0.2,0,0,0,0,0,0,0,0,0.00,0.00,0.00,0.00,0.00,Matches,ac1ef440
146,Abdoulaye Doucouré,ml MLI,MF,Everton,31,1993,33,31,2564,28.5,3,2,5,3,0,0,5,1,0.11,0.07,0.18,0.11,0.18,Matches,02b29014
147,Cheick Doucouré,ml MLI,MF,Crystal Palace,24,2000,13,4,452,5.0,0,0,0,0,0,0,1,0,0.00,0.00,0.00,0.00,0.00,Matches,ce4f40c7
148,Flynn Downes,eng ENG,MF,Southampton,25,1999,27,25,2151,23.9,1,0,1,1,0,0,12,0,0.04,0.00,0.04,0.04,0.04,Matches,69fdb896
149,Tommy Doyle,eng ENG,MF,Wolves,22,2001,24,3,488,5.4,0,1,1,0,0,0,1,0,0.00,0.18,0.18,0.00,0.18,Matches,5526deb1
150,Radu Drăgușin,ro ROU,DF,Tottenham,22,2002,16,14,1252,13.9,0,0,0,0,0,0,1,0,0.00,0.00,0.00,0.00,0.00,Matches,620922ed
151,Martin Dúbravka,sk SVK,GK,Newcastle,35,1989,10,10,900,10.0,0,0,0,0,0,0,0,0,0.00,0.00,0.00,0.00,0.00,Matches,3a949a25
152,Lewis Dunk,eng ENG,DF,Brighton,32,1991,25,23,2083,23.1,0,0,0,0,0,0,5,0,0.00,0.00,0.00,0.00,0.00,Matches,282f75f3
153,Jáder Durán,co COL,FW,Aston Villa,20,2003,20,4,638,7.1,7,0,7,7,0,0,3,1,0.99,0.00,0.99,0.99,0.99,Matches,414184f7
154,Claudio Echeverri,ar ARG,MF,Manchester City,18,2006,1,0,6,0.1,0,0,0,0,0,0,0,0,0.00,0.00,0.00,0.00,0.00,Matches,49a605df
155,George Edmundson,eng ENG,DF,Ipswich Town,26,1997,1,0,2,0.0,0,0,0,0,0,0,0,0,0.00,0.00,0.00,0.00,0.00,Matches,46ff3923
156,Odsonne Édouard,fr FRA,FW,Leicester City,26,1998,4,0,29,0.3,0,0,0,0,0,0,0,0,0.00,0.00,0.00,0.00,0.00,Matches,0562b7f1
157,Odsonne Édouard,fr FRA,MF,Crystal Palace,26,1998,2,1,115,1.3,0,0,0,0,0,0,0,0,0.00,0.00,0.00,0.00,0.00,Matches,0562b7f1
158,Samuel Edozie,eng ENG,FWMF,Southampton,21,2003,2,0,65,0.7,0,0,0,0,0,0,1,0,0.00,0.00,0.00,0.00,0.00,Matches,007414dd
159,Ronnie Edwards,eng ENG,DF,Southampton,21,2003,1,0,12,0.1,0,0,0,0,0,0,0,0,0.00,0.00,0.00,0.00,0.00,Matches,be90c4b0
160,Anthony Elanga,se SWE,MFFW,Nottingham,22,2002,38,31,2501,27.8,6,11,17,6,0,0,1,0,0.22,0.40,0.61,0.22,0.61,Matches,2fba6108
161,Harvey Elliott,eng ENG,MF,Liverpool,21,2003,18,2,371,4.1,1,2,3,1,0,0,1,0,0.24,0.49,0.73,0.24,0.73,Matches,b9e1436c
162,Yunus Emre Konak,tr TUR,MF,Brentford,18,2006,10,0,42,0.5,0,0,0,0,0,0,0,0,0.00,0.00,0.00,0.00,0.00,Matches,e02b5b36
163,Julio Enciso,py PAR,MF,Ipswich Town,20,2004,13,12,869,9.7,2,3,5,2,0,0,3,0,0.21,0.31,0.52,0.21,0.52,Matches,9cfbad36
164,Julio Enciso,py PAR,MF,Brighton,20,2004,12,2,294,3.3,0,0,0,0,0,0,0,0,0.00,0.00,0.00,0.00,0.00,Matches,9cfbad36
165,Wataru Endo,jp JPN,MF,Liverpool,31,1993,20,1,273,3.0,0,0,0,0,0,0,0,0,0.00,0.00,0.00,0.00,0.00,Matches,c149016b
166,Christian Eriksen,dk DEN,MF,Manchester Utd,32,1992,23,11,1061,11.8,1,2,3,0,1,1,4,0,0.08,0.17,0.25,0.00,0.17,Matches,980522ec
167,Romain Esse,eng ENG,MF,Crystal Palace,19,2005,7,1,138,1.5,1,1,2,1,0,0,0,0,0.65,0.65,1.30,0.65,1.30,Matches,87189f25
168,Pervis Estupiñán,ec ECU,DF,Brighton,26,1998,30,26,2402,26.7,1,1,2,1,0,0,5,0,0.04,0.04,0.07,0.04,0.07,Matches,d38fdf53
169,Evanilson,br BRA,FW,Bournemouth,24,1999,31,28,2319,25.8,10,1,11,10,0,1,1,1,0.39,0.04,0.43,0.39,0.43,Matches,6f3cc2fe
170,Jake Evans,eng ENG,MF,Leicester City,15,2008,4,0,24,0.3,0,0,0,0,0,0,0,0,0.00,0.00,0.00,0.00,0.00,Matches,cb7bcef0
171,Jonny Evans,nir NIR,DF,Manchester Utd,36,1988,7,3,315,3.5,0,0,0,0,0,0,1,0,0.00,0.00,0.00,0.00,0.00,Matches,f8fcd2a5
172,Eberechi Eze,eng ENG,MF,Crystal Palace,26,1998,34,31,2588,28.8,8,8,16,7,1,2,1,0,0.28,0.28,0.56,0.24,0.52,Matches,ae4fc6a4
173,Łukasz Fabiański,pl POL,GK,West Ham,39,1985,14,13,1160,12.9,0,0,0,0,0,0,2,0,0.00,0.00,0.00,0.00,0.00,Matches,9328b835
174,Wout Faes,be BEL,DF,Leicester City,26,1998,34,30,2815,31.3,1,0,1,1,0,0,4,0,0.03,0.00,0.03,0.03,0.03,Matches,9c221d14
175,Abdul Fatawu Issahaku,gh GHA,MFFW,Leicester City,20,2004,11,6,579,6.4,0,2,2,0,0,0,0,0,0.00,0.31,0.31,0.00,0.31,Matches,bceda5ff
176,João Félix,pt POR,MF,Chelsea,24,1999,12,3,369,4.1,1,1,2,1,0,0,2,0,0.24,0.24,0.49,0.24,0.49,Matches,8aafd64f
177,Evan Ferguson,ie IRL,FW,Brighton,19,2004,13,2,246,2.7,1,0,1,1,0,0,0,0,0.37,0.00,0.37,0.37,0.37,Matches,4596da74
178,Evan Ferguson,ie IRL,FW,West Ham,19,2004,8,1,156,1.7,0,0,0,0,0,0,0,0,0.00,0.00,0.00,0.00,0.00,Matches,4596da74
179,Bruno Fernandes,pt POR,MF,Manchester Utd,29,1994,36,35,3018,33.5,8,10,18,5,3,3,5,2,0.24,0.30,0.54,0.15,0.45,Matches,507c7bdf
180,Mateus Fernandes,pt POR,MF,Southampton,20,2004,36,34,2909,32.3,2,4,6,2,0,0,8,0,0.06,0.12,0.19,0.06,0.19,Matches,ef491564
181,Enzo Fernández,ar ARG,MF,Chelsea,23,2001,36,32,2947,32.7,6,7,13,6,0,0,8,0,0.18,0.21,0.40,0.18,0.40,Matches,5ff4ab71
182,Mark Flekken,nl NED,GK,Brentford,31,1993,37,37,3275,36.4,0,2,2,0,0,0,1,0,0.00,0.05,0.05,0.00,0.05,Matches,a92ab7be
183,Phil Foden,eng ENG,MFFW,Manchester City,24,2000,28,20,1777,19.7,7,2,9,7,0,0,2,0,0.35,0.10,0.46,0.35,0.46,Matches,ed1e53f3
184,Wesley Fofana,fr FRA,DF,Chelsea,23,2000,14,14,1172,13.0,0,0,0,0,0,0,7,0,0.00,0.00,0.00,0.00,0.00,Matches,132a82f1
185,Carlos Forbs,pt POR,MF,Wolves,20,2004,10,1,239,2.7,0,0,0,0,0,0,2,0,0.00,0.00,0.00,0.00,0.00,Matches,8a310070
186,Fraser Forster,eng ENG,GK,Tottenham,36,1988,7,7,630,7.0,0,0,0,0,0,0,0,0,0.00,0.00,0.00,0.00,0.00,Matches,c3e39f12
187,Matheus França,br BRA,FW,Crystal Palace,20,2004,4,0,55,0.6,1,0,1,1,0,0,0,0,1.64,0.00,1.64,1.64,1.64,Matches,077faf72
188,Ryan Fraser,sct SCO,MFDF,Southampton,30,1994,8,4,306,3.4,0,0,0,0,0,0,0,1,0.00,0.00,0.00,0.00,0.00,Matches,d56543a0
189,Tyler Fredricson,eng ENG,DF,Manchester Utd,19,2005,2,2,165,1.8,0,0,0,0,0,0,0,0,0.00,0.00,0.00,0.00,0.00,Matches,58630379
190,Niclas Füllkrug,de GER,FW,West Ham,31,1993,18,6,790,8.8,3,2,5,3,0,0,2,0,0.34,0.23,0.57,0.34,0.57,Matches,4f16405e
191,Cody Gakpo,nl NED,MF,Liverpool,25,1999,35,23,1935,21.5,10,4,14,10,0,0,5,0,0.47,0.19,0.65,0.47,0.65,Matches,1971591f
192,Andrés García,es ESP,DFMF,Aston Villa,21,2003,7,5,318,3.5,0,0,0,0,0,0,0,0,0.00,0.00,0.00,0.00,0.00,Matches,40498af1
193,Alejandro Garnacho,ar ARG,MF,Manchester Utd,20,2004,36,23,2199,24.4,6,2,8,6,0,0,3,0,0.25,0.08,0.33,0.25,0.33,Matches,7aa8adfe
194,James Garner,eng ENG,MFDF,Everton,23,2001,21,17,1594,17.7,0,1,1,0,0,0,5,0,0.00,0.06,0.06,0.00,0.06,Matches,4e015693
195,Tyrique George,eng ENG,FW,Chelsea,18,2006,8,1,183,2.0,1,1,2,1,0,0,1,0,0.49,0.49,0.98,0.49,0.98,Matches,e6f7797e
196,Morgan Gibbs-White,eng ENG,MF,Nottingham,24,2000,34,34,2803,31.1,7,8,15,7,0,0,11,1,0.22,0.26,0.48,0.22,0.48,Matches,32f60ed8
197,Billy Gilmour,sct SCO,MF,Brighton,23,2001,2,1,98,1.1,0,0,0,0,0,0,0,0,0.00,0.00,0.00,0.00,0.00,Matches,df10e27c
198,Ben Godfrey,eng ENG,DF,Ipswich Town,26,1998,3,2,159,1.8,0,0,0,0,0,0,1,0,0.00,0.00,0.00,0.00,0.00,Matches,9f7c837d
199,Martial Godo,ci CIV,FWMF,Fulham,21,2003,2,0,24,0.3,0,0,0,0,0,0,0,0,0.00,0.00,0.00,0.00,0.00,Matches,e0eea46f
200,Michael Golding,eng ENG,MF,Leicester City,18,2006,1,0,1,0.0,0,0,0,0,0,0,0,0,0.00,0.00,0.00,0.00,0.00,Matches,67c5e0e8
201,João Gomes,br BRA,MF,Wolves,23,2001,36,35,2974,33.0,3,1,4,3,0,0,11,1,0.09,0.03,0.12,0.09,0.12,Matches,8b57ad2c
202,Rodrigo Gomes,pt POR,MF,Wolves,21,2003,25,7,810,9.0,2,0,2,2,0,0,0,0,0.22,0.00,0.22,0.22,0.22,Matches,8dcf77c0
203,Toti Gomes,pt POR,DF,Wolves,25,1999,31,30,2614,29.0,0,1,1,0,0,0,7,0,0.00,0.03,0.03,0.00,0.03,Matches,f0caab96
204,Diego Gómez,py PAR,MF,Brighton,21,2003,16,4,516,5.7,1,0,1,1,0,0,0,0,0.17,0.00,0.17,0.17,0.17,Matches,916728da
205,Joe Gomez,eng ENG,DF,Liverpool,27,1997,9,6,519,5.8,0,0,0,0,0,0,1,0,0.00,0.00,0.00,0.00,0.00,Matches,7a11550b
206,Nicolás González,es ESP,MF,Manchester City,22,2002,11,9,760,8.4,1,0,1,1,0,0,3,0,0.12,0.00,0.12,0.12,0.12,Matches,2c56a792
207,Anthony Gordon,eng ENG,FWMF,Newcastle,23,2001,34,28,2434,27.0,6,5,11,5,1,2,2,0,0.22,0.18,0.41,0.18,0.37,Matches,2bd83368
208,Ryan Gravenberch,nl NED,MF,Liverpool,22,2002,37,37,3160,35.1,0,4,4,0,0,0,6,1,0.00,0.11,0.11,0.00,0.11,Matches,b8e740fb
209,Archie Gray,eng ENG,DFMF,Tottenham,18,2006,28,19,1751,19.5,0,0,0,0,0,0,1,0,0.00,0.00,0.00,0.00,0.00,Matches,f58515f5
210,Jack Grealish,eng ENG,MFFW,Manchester City,28,1995,20,7,721,8.0,1,1,2,1,0,0,3,0,0.12,0.12,0.25,0.12,0.25,Matches,b0b4fd3e
211,Jacob Greaves,eng ENG,DF,Ipswich Town,23,2000,25,25,2205,24.5,1,0,1,1,0,0,5,0,0.04,0.00,0.04,0.04,0.04,Matches,1f169636
212,Brajan Gruda,de GER,MFFW,Brighton,20,2004,21,8,687,7.6,1,4,5,1,0,0,0,0,0.13,0.52,0.66,0.13,0.66,Matches,ae9b998d
213,Albert Grønbaek,dk DEN,MFFW,Southampton,23,2001,4,2,143,1.6,0,0,0,0,0,0,0,0,0.00,0.00,0.00,0.00,0.00,Matches,0da5076f
214,Gonçalo Guedes,pt POR,MFFW,Wolves,27,1996,29,10,995,11.1,2,4,6,2,0,0,1,0,0.18,0.36,0.54,0.18,0.54,Matches,e6bc67d7
215,Marc Guéhi,eng ENG,DF,Crystal Palace,24,2000,34,34,3059,34.0,3,2,5,3,0,0,9,1,0.09,0.06,0.15,0.09,0.15,Matches,d0706b27
216,Idrissa Gueye,sn SEN,MF,Everton,34,1989,37,35,3063,34.0,0,3,3,0,0,0,9,0,0.00,0.09,0.09,0.00,0.09,Matches,72c812f3
217,Luis Guilherme,br BRA,MF,West Ham,18,2006,12,1,150,1.7,0,0,0,0,0,0,0,0,0.00,0.00,0.00,0.00,0.00,Matches,b7672d43
218,Bruno Guimarães,br BRA,MF,Newcastle,26,1997,38,38,3271,36.3,5,6,11,5,0,0,7,0,0.14,0.17,0.30,0.14,0.30,Matches,82518f62
219,Marc Guiu,es ESP,FW,Chelsea,18,2006,3,0,73,0.8,0,0,0,0,0,0,0,0,0.00,0.00,0.00,0.00,0.00,Matches,d3d774cc
220,İlkay Gündoğan,de GER,MF,Manchester City,33,1990,33,25,2223,24.7,1,6,7,1,0,0,1,0,0.04,0.24,0.28,0.04,0.28,Matches,819b3158
221,Malo Gusto,fr FRA,DF,Chelsea,21,2003,32,19,1862,20.7,0,1,1,0,0,0,4,0,0.00,0.05,0.05,0.00,0.05,Matches,d56b9520
222,Joško Gvardiol,hr CRO,DF,Manchester City,22,2002,37,36,3277,36.4,5,0,5,5,0,0,2,0,0.14,0.00,0.14,0.14,0.14,Matches,5ad50391
223,Erling Haaland,no NOR,FW,Manchester City,24,2000,31,31,2736,30.4,22,3,25,19,3,4,2,0,0.72,0.10,0.82,0.62,0.72,Matches,1f44ac21
224,Lewis Hall,eng ENG,DF,Newcastle,19,2004,27,24,2189,24.3,0,4,4,0,0,0,3,0,0.00,0.16,0.16,0.00,0.16,Matches,da011f18
225,Ali Al Hamadi,iq IRQ,FW,Ipswich Town,22,2002,11,0,134,1.5,0,0,0,0,0,0,3,0,0.00,0.00,0.00,0.00,0.00,Matches,8450467d
226,Marcus Harness,eng ENG,FWMF,Ipswich Town,28,1996,2,0,45,0.5,0,0,0,0,0,0,0,0,0.00,0.00,0.00,0.00,0.00,Matches,90e9ca3d
227,Jack Harrison,eng ENG,MFFW,Everton,27,1996,34,24,2076,23.1,1,0,1,1,0,0,0,0,0.04,0.00,0.04,0.04,0.04,Matches,aa849a12
228,Taylor Harwood-Bellis,eng ENG,DF,Southampton,22,2002,34,32,2825,31.4,1,0,1,1,0,0,9,0,0.03,0.00,0.03,0.03,0.03,Matches,47327321
229,Kai Havertz,de GER,FW,Arsenal,25,1999,23,21,1875,20.8,9,3,12,9,0,0,5,0,0.43,0.14,0.58,0.43,0.58,Matches,fed7cb61
230,Ayden Heaven,eng ENG,DF,Manchester Utd,17,2006,4,2,170,1.9,0,0,0,0,0,0,1,0,0.00,0.00,0.00,0.00,0.00,Matches,64e17fab
231,Jan Paul van Hecke,nl NED,DF,Brighton,24,2000,34,33,2958,32.9,1,1,2,1,0,0,8,1,0.03,0.03,0.06,0.03,0.06,Matches,4fd08daa
232,Hwang Hee-chan,kr KOR,MFFW,Wolves,28,1996,21,5,661,7.3,2,0,2,2,0,0,0,0,0.27,0.00,0.27,0.27,0.27,Matches,169fd162
233,Dean Henderson,eng ENG,GK,Crystal Palace,27,1997,38,38,3420,38.0,0,0,0,0,0,0,3,0,0.00,0.00,0.00,0.00,0.00,Matches,e5a76dfe
234,Rico Henry,jm JAM,DFMF,Brentford,27,1997,5,0,99,1.1,0,0,0,0,0,0,0,0,0.00,0.00,0.00,0.00,0.00,Matches,8a3c1dc7
235,Mads Hermansen,dk DEN,GK,Leicester City,24,2000,27,27,2385,26.5,0,0,0,0,0,0,1,0,0.00,0.00,0.00,0.00,0.00,Matches,c924b17d
236,Son Heung-min,kr KOR,FWMF,Tottenham,32,1992,30,24,2110,23.4,7,9,16,6,1,2,1,0,0.30,0.38,0.68,0.26,0.64,Matches,92e7e919
237,James Hill,eng ENG,DF,Bournemouth,22,2002,10,6,448,5.0,0,1,1,0,0,0,1,0,0.00,0.20,0.20,0.00,0.20,Matches,69942fb3
238,Jack Hinshelwood,eng ENG,MFDF,Brighton,19,2005,26,22,1842,20.5,5,2,7,5,0,0,5,0,0.24,0.10,0.34,0.24,0.34,Matches,e98211e7
239,George Hirst,sct SCO,FW,Ipswich Town,25,1999,26,5,661,7.3,3,1,4,3,0,0,3,0,0.41,0.14,0.54,0.41,0.54,Matches,78e87179
240,Mason Holgate,jm JAM,DF,Everton,27,1996,1,0,6,0.1,0,0,0,0,0,0,0,0,0.00,0.00,0.00,0.00,0.00,Matches,d0042ab9
241,Harry Howell,eng ENG,MF,Brighton,16,2008,1,0,7,0.1,0,0,0,0,0,0,0,0,0.00,0.00,0.00,0.00,0.00,Matches,d8a7e52c
242,Callum Hudson-Odoi,eng ENG,MF,Nottingham,23,2000,31,25,2194,24.4,5,2,7,5,0,0,2,0,0.21,0.08,0.29,0.21,0.29,Matches,15f3ec41
243,Will Hughes,eng ENG,MF,Crystal Palace,29,1995,33,24,2108,23.4,0,3,3,0,0,0,11,0,0.00,0.13,0.13,0.00,0.13,Matches,a0666d3e
244,Dean Huijsen,es ESP,DF,Bournemouth,19,2005,32,26,2427,27.0,3,2,5,3,0,0,10,0,0.11,0.07,0.19,0.11,0.19,Matches,87278bce
245,Omari Hutchinson,eng ENG,MF,Ipswich Town,20,2003,31,30,2583,28.7,3,2,5,3,0,0,5,0,0.10,0.07,0.17,0.10,0.17,Matches,bd9553e6
246,Rasmus Højlund,dk DEN,FW,Manchester Utd,21,2003,32,23,2004,22.3,4,0,4,4,0,0,2,0,0.18,0.00,0.18,0.18,0.18,Matches,491a433d
247,Igor,br BRA,DF,Brighton,26,1998,13,10,961,10.7,0,0,0,0,0,0,4,0,0.00,0.00,0.00,0.00,0.00,Matches,a4e85758
248,Danny Ings,eng ENG,FW,West Ham,32,1992,15,1,284,3.2,1,2,3,1,0,0,0,0,0.32,0.63,0.95,0.32,0.95,Matches,07802f7f
249,Tim Iroegbunam,eng ENG,MF,Everton,21,2003,18,5,574,6.4,0,1,1,0,0,0,4,0,0.00,0.16,0.16,0.00,0.16,Matches,84c5ceea
250,Andy Irving,sct SCO,MF,West Ham,24,2000,10,1,166,1.8,0,0,0,0,0,0,2,0,0.00,0.00,0.00,0.00,0.00,Matches,b1be9fc0
251,Alexander Isak,se SWE,FW,Newcastle,24,1999,34,34,2756,30.6,23,6,29,19,4,4,1,0,0.75,0.20,0.95,0.62,0.82,Matches,8e92be30
252,Alex Iwobi,ng NGA,MF,Fulham,28,1996,38,35,2981,33.1,9,6,15,9,0,0,1,0,0.27,0.18,0.45,0.27,0.45,Matches,6ca5ec4b
253,Nicolas Jackson,sn SEN,FW,Chelsea,23,2001,30,28,2220,24.7,10,5,15,10,0,0,7,1,0.41,0.20,0.61,0.41,0.61,Matches,9c36ed83
254,Reece James,eng ENG,DFMF,Chelsea,24,1999,19,12,1063,11.8,1,1,2,1,0,0,1,0,0.08,0.08,0.17,0.08,0.17,Matches,1265a93a
255,Vitaly Janelt,de GER,MF,Brentford,26,1998,32,27,2254,25.0,1,3,4,1,0,0,3,0,0.04,0.12,0.16,0.04,0.16,Matches,8449d35e
256,Vitezslav Jaros,cz CZE,GK,Liverpool,23,2001,1,0,12,0.1,0,0,0,0,0,0,0,0,0.00,0.00,0.00,0.00,0.00,Matches,12bb4d6a
257,Daniel Jebbison,ca CAN,FW,Bournemouth,20,2003,16,0,119,1.3,1,0,1,1,0,0,1,0,0.76,0.00,0.76,0.76,0.76,Matches,03edb878
258,Mathias Jensen,dk DEN,MF,Brentford,28,1996,24,8,862,9.6,0,2,2,0,0,0,2,0,0.00,0.21,0.21,0.00,0.21,Matches,0f134faf
259,Gabriel Jesus,br BRA,FW,Arsenal,27,1997,17,6,608,6.8,3,0,3,3,0,0,4,0,0.44,0.00,0.44,0.44,0.44,Matches,b66315ae
260,Raúl Jiménez,mx MEX,FW,Fulham,33,1991,38,30,2494,27.7,12,3,15,9,3,3,4,0,0.43,0.11,0.54,0.32,0.43,Matches,b561db50
261,Kim Jisoo,kr KOR,DF,Brentford,19,2004,3,0,30,0.3,0,0,0,0,0,0,0,0,0.00,0.00,0.00,0.00,0.00,Matches,f4065d9e
262,João Pedro,br BRA,FWMF,Brighton,22,2001,27,23,1948,21.6,10,6,16,5,5,5,4,1,0.46,0.28,0.74,0.23,0.51,Matches,e8832875
263,Joelinton,br BRA,MFFW,Newcastle,27,1996,29,29,2393,26.6,4,3,7,4,0,0,10,0,0.15,0.11,0.26,0.15,0.26,Matches,c17bfb65
264,Ben Johnson,eng ENG,MFDF,Ipswich Town,24,2000,23,14,1354,15.0,1,2,3,1,0,0,5,1,0.07,0.13,0.20,0.07,0.20,Matches,9319781b
265,Brennan Johnson,wls WAL,FWMF,Tottenham,23,2001,33,24,2177,24.2,11,3,14,11,0,0,5,0,0.45,0.12,0.58,0.45,0.58,Matches,0cd31129
266,Sam Johnstone,eng ENG,GK,Wolves,31,1993,7,7,630,7.0,0,0,0,0,0,0,0,0,0.00,0.00,0.00,0.00,0.00,Matches,9e5708be
267,Curtis Jones,eng ENG,MFDF,Liverpool,23,2001,33,19,1712,19.0,3,3,6,3,0,0,3,1,0.16,0.16,0.32,0.16,0.32,Matches,4fb9c88f
268,Jorginho,it ITA,MF,Arsenal,32,1991,15,9,704,7.8,0,0,0,0,0,0,5,0,0.00,0.00,0.00,0.00,0.00,Matches,45db685d
269,Diogo Jota,pt POR,FW,Liverpool,27,1996,26,14,1196,13.3,6,3,9,6,0,0,2,0,0.45,0.23,0.68,0.45,0.68,Matches,178ae8f8
270,James Justin,eng ENG,DFMF,Leicester City,26,1998,36,34,2912,32.4,2,2,4,2,0,0,6,0,0.06,0.06,0.12,0.06,0.12,Matches,fb614c44
271,Filip Jørgensen,dk DEN,GK,Chelsea,22,2002,6,6,540,6.0,0,0,0,0,0,0,0,0,0.00,0.00,0.00,0.00,0.00,Matches,0107757e
272,Ferdi Kadioglu,tr TUR,DFMF,Brighton,24,1999,6,5,385,4.3,1,0,1,1,0,0,1,0,0.23,0.00,0.23,0.23,0.23,Matches,66c52a77
273,Daichi Kamada,jp JPN,MF,Crystal Palace,27,1996,34,15,1564,17.4,0,0,0,0,0,0,4,1,0.00,0.00,0.00,0.00,0.00,Matches,15b287da
274,Boubacar Kamara,fr FRA,MFDF,Aston Villa,24,1999,26,20,1726,19.2,1,0,1,1,0,0,2,0,0.05,0.00,0.05,0.05,0.05,Matches,cc77354e
275,Joachim Kayi Sanda,fr FRA,DF,Southampton,17,2006,2,0,14,0.2,0,0,0,0,0,0,0,0,0.00,0.00,0.00,0.00,0.00,Matches,e2b2a181
276,Michael Kayode,it ITA,DF,Brentford,20,2004,12,6,528,5.9,0,1,1,0,0,0,2,0,0.00,0.17,0.17,0.00,0.17,Matches,e19660a8
277,Michael Keane,eng ENG,DF,Everton,31,1993,14,11,1049,11.7,3,0,3,3,0,0,5,0,0.26,0.00,0.26,0.26,0.26,Matches,c5b7c315
278,Caoimhín Kelleher,ie IRL,GK,Liverpool,25,1998,10,10,900,10.0,0,0,0,0,0,0,0,0,0.00,0.00,0.00,0.00,0.00,Matches,62d7ef38
279,Lloyd Kelly,eng ENG,DF,Newcastle,25,1998,10,4,303,3.4,0,1,1,0,0,0,2,0,0.00,0.30,0.30,0.00,0.30,Matches,f31def1e
280,Milos Kerkez,hu HUN,DF,Bournemouth,20,2003,38,38,3336,37.1,2,5,7,2,0,0,4,0,0.05,0.13,0.19,0.05,0.19,Matches,0ad53bdc
281,Bilal El Khannouss,ma MAR,MF,Leicester City,20,2004,32,27,2182,24.2,2,3,5,2,0,0,4,0,0.08,0.12,0.21,0.08,0.21,Matches,f7042636
282,Abdukodir Khusanov,uz UZB,DF,Manchester City,20,2004,6,6,503,5.6,0,0,0,0,0,0,1,0,0.00,0.00,0.00,0.00,0.00,Matches,d17ce930
283,Max Kilman,eng ENG,DF,West Ham,27,1997,38,38,3348,37.2,0,1,1,0,0,0,5,0,0.00,0.03,0.03,0.00,0.03,Matches,d0f72bf1
284,Joshua King,eng ENG,MF,Fulham,17,2007,8,1,130,1.4,0,0,0,0,0,0,0,0,0.00,0.00,0.00,0.00,0.00,Matches,86109b3b
285,Tom King,wls WAL,GK,Wolves,29,1995,1,0,1,0.0,0,0,0,0,0,0,0,0,0.00,0.00,0.00,0.00,0.00,Matches,5791b997
286,Antonín Kinský,cz CZE,GK,Tottenham,21,2003,6,6,540,6.0,0,0,0,0,0,0,0,0,0.00,0.00,0.00,0.00,0.00,Matches,b38ac6a4
287,Jakub Kiwior,pl POL,DF,Arsenal,24,2000,17,10,1122,12.5,1,0,1,1,0,0,1,0,0.08,0.00,0.08,0.08,0.08,Matches,dc3e663e
288,Justin Kluivert,nl NED,MF,Bournemouth,25,1999,34,29,2340,26.0,12,6,18,6,6,6,8,0,0.46,0.23,0.69,0.23,0.46,Matches,4c3a6744
289,Ibrahima Konaté,fr FRA,DF,Liverpool,25,1999,31,30,2560,28.4,1,2,3,1,0,0,5,0,0.04,0.07,0.11,0.04,0.11,Matches,5ed9b537
290,Ezri Konsa,eng ENG,DF,Aston Villa,26,1997,34,33,2936,32.6,2,0,2,2,0,0,1,0,0.06,0.00,0.06,0.06,0.06,Matches,0313a347
291,Mateo Kovačić,hr CRO,MFDF,Manchester City,30,1994,31,25,2198,24.4,6,2,8,6,0,0,5,1,0.25,0.08,0.33,0.25,0.33,Matches,79c0821a
292,Caleb Kporha,eng ENG,DF,Crystal Palace,18,2006,2,0,13,0.1,0,0,0,0,0,0,0,0,0.00,0.00,0.00,0.00,0.00,Matches,c80f8c9d
293,Emil Krafth,se SWE,DF,Newcastle,29,1994,12,2,342,3.8,0,0,0,0,0,0,2,0,0.00,0.00,0.00,0.00,0.00,Matches,77cf6852
294,Mohammed Kudus,gh GHA,MFFW,West Ham,23,2000,32,31,2590,28.8,5,3,8,5,0,0,2,1,0.17,0.10,0.28,0.17,0.28,Matches,b62878a5
295,Dejan Kulusevski,se SWE,MFFW,Tottenham,24,2000,32,27,2389,26.5,7,4,11,7,0,0,3,0,0.26,0.15,0.41,0.26,0.41,Matches,df3cda47
296,Maxence Lacroix,fr FRA,DF,Crystal Palace,24,2000,35,35,3116,34.6,1,1,2,1,0,0,5,0,0.03,0.03,0.06,0.03,0.06,Matches,277c49ed
297,Adam Lallana,eng ENG,MF,Southampton,36,1988,14,5,361,4.0,0,2,2,0,0,0,4,0,0.00,0.50,0.50,0.00,0.50,Matches,99813635
298,Tariq Lamptey,gh GHA,DFMF,Brighton,23,2000,15,10,860,9.6,2,2,4,2,0,0,0,0,0.21,0.21,0.42,0.21,0.42,Matches,f4e433d4
299,Will Lankshear,eng ENG,FW,Tottenham,19,2005,3,0,11,0.1,0,0,0,0,0,0,0,0,0.00,0.00,0.00,0.00,0.00,Matches,92df535b
300,Roméo Lavia,be BEL,MF,Chelsea,20,2004,16,11,797,8.9,0,1,1,0,0,0,4,0,0.00,0.11,0.11,0.00,0.11,Matches,ecad9aa5
301,Mario Lemina,ga GAB,MFDF,Wolves,30,1993,17,15,1364,15.2,1,3,4,1,0,0,4,0,0.07,0.20,0.26,0.07,0.26,Matches,2b471f99
302,Bernd Leno,de GER,GK,Fulham,32,1992,38,38,3420,38.0,0,1,1,0,0,0,5,0,0.00,0.03,0.03,0.00,0.03,Matches,2628fd2b
303,Jefferson Lerma,co COL,MFDF,Crystal Palace,29,1994,33,26,2274,25.3,0,1,1,0,0,0,9,0,0.00,0.04,0.04,0.00,0.04,Matches,9b5ce51a
304,Rico Lewis,eng ENG,DFMF,Manchester City,19,2004,28,21,1893,21.0,1,2,3,1,0,0,5,1,0.05,0.10,0.14,0.05,0.14,Matches,b57e066e
305,Keane Lewis-Potter,eng ENG,DFMF,Brentford,23,2001,38,36,3093,34.4,1,3,4,1,0,0,7,0,0.03,0.09,0.12,0.03,0.12,Matches,41f08ac8
306,Myles Lewis-Skelly,eng ENG,DF,Arsenal,17,2006,23,15,1369,15.2,1,0,1,1,0,0,3,2,0.07,0.00,0.07,0.07,0.07,Matches,5dff6c28
307,Matthijs de Ligt,nl NED,DF,Manchester Utd,24,1999,29,25,2123,23.6,2,0,2,2,0,0,3,0,0.08,0.00,0.08,0.08,0.08,Matches,d6e53a3a
308,Pedro Lima,br BRA,MF,Wolves,18,2006,3,1,70,0.8,0,0,0,0,0,0,0,0,0.00,0.00,0.00,0.00,0.00,Matches,b2f4cad5
309,Victor Lindelöf,se SWE,DF,Manchester Utd,30,1994,16,6,704,7.8,0,0,0,0,0,0,1,0,0.00,0.00,0.00,0.00,0.00,Matches,f5deef4c
310,Jesper Lindstrøm,dk DEN,MF,Everton,24,2000,25,15,1239,13.8,0,1,1,0,0,0,2,0,0.00,0.07,0.07,0.00,0.07,Matches,37dc1a48
311,Tino Livramento,eng ENG,DF,Newcastle,21,2002,37,32,2840,31.6,0,1,1,0,0,0,1,0,0.00,0.03,0.03,0.00,0.03,Matches,afed6722
312,Sean Longstaff,eng ENG,MF,Newcastle,26,1997,25,8,798,8.9,0,0,0,0,0,0,2,0,0.00,0.00,0.00,0.00,0.00,Matches,a2b105e0
313,Saša Lukić,rs SRB,MF,Fulham,27,1996,30,28,2344,26.0,0,2,2,0,0,0,12,0,0.00,0.08,0.08,0.00,0.08,Matches,c6e8cf1f
314,Joe Lumley,eng ENG,GK,Southampton,29,1995,3,3,270,3.0,0,0,0,0,0,0,0,0,0.00,0.00,0.00,0.00,0.00,Matches,bdf3a08e
315,Massimo Luongo,au AUS,MF,Ipswich Town,31,1992,11,2,201,2.2,0,0,0,0,0,0,0,0,0.00,0.00,0.00,0.00,0.00,Matches,967ac6e1
316,Ian Maatsen,nl NED,DF,Aston Villa,22,2002,29,10,1139,12.7,1,2,3,1,0,0,2,0,0.08,0.16,0.24,0.08,0.24,Matches,cab9634e
317,Alexis Mac Allister,ar ARG,MF,Liverpool,25,1998,35,30,2599,28.9,5,5,10,5,0,0,6,0,0.17,0.17,0.35,0.17,0.35,Matches,83d074ff
318,James Maddison,eng ENG,MF,Tottenham,27,1996,31,21,1809,20.1,9,7,16,9,0,0,6,0,0.45,0.35,0.80,0.45,0.80,Matches,ee38d9c5
319,Noni Madueke,eng ENG,MF,Chelsea,22,2002,32,27,2033,22.6,7,3,10,7,0,0,3,0,0.31,0.13,0.44,0.31,0.44,Matches,bf34eebd
320,Gabriel Magalhães,br BRA,DF,Arsenal,26,1997,28,28,2363,26.3,3,1,4,3,0,0,4,0,0.11,0.04,0.15,0.11,0.15,Matches,67ac5bb8
321,Edmond-Paris Maghoma,eng ENG,MF,Brentford,23,2001,8,0,119,1.3,0,0,0,0,0,0,0,0,0.00,0.00,0.00,0.00,0.00,Matches,8a3ddcd2
322,Harry Maguire,eng ENG,DF,Manchester Utd,31,1993,27,19,1758,19.5,1,0,1,1,0,0,7,0,0.05,0.00,0.05,0.05,0.05,Matches,d8931174
323,Kobbie Mainoo,eng ENG,MF,Manchester Utd,19,2005,25,19,1651,18.3,0,0,0,0,0,0,5,0,0.00,0.00,0.00,0.00,0.00,Matches,c6220452
324,Tyrell Malacia,nl NED,MF,Manchester Utd,24,1999,3,2,100,1.1,0,0,0,0,0,0,1,0,0.00,0.00,0.00,0.00,0.00,Matches,6b6c793c
325,Donyell Malen,nl NED,MF,Aston Villa,25,1999,14,2,305,3.4,3,0,3,3,0,0,0,0,0.89,0.00,0.89,0.89,0.89,Matches,116c35df
326,Mateus Mane,pt POR,MF,Wolves,16,2007,1,0,2,0.0,0,0,0,0,0,0,0,0,0.00,0.00,0.00,0.00,0.00,Matches,c15cb409
327,Orel Mangala,be BEL,MF,Everton,26,1998,19,14,1261,14.0,1,0,1,1,0,0,2,0,0.07,0.00,0.07,0.07,0.07,Matches,a572e291
328,Ryan Manning,ie IRL,DFMF,Southampton,28,1996,24,18,1462,16.2,0,1,1,0,0,0,2,0,0.00,0.06,0.06,0.00,0.06,Matches,847b53eb
329,Solly March,eng ENG,MF,Brighton,30,1994,8,1,168,1.9,0,0,0,0,0,0,2,0,0.00,0.00,0.00,0.00,0.00,Matches,bb5fbd2b
330,Omar Marmoush,eg EGY,MFFW,Manchester City,25,1999,16,14,1175,13.1,7,0,7,7,0,0,0,0,0.54,0.00,0.54,0.54,0.54,Matches,0e0102eb
331,Gabriel Martinelli,br BRA,FWMF,Arsenal,23,2001,33,25,2290,25.4,8,4,12,8,0,0,1,0,0.31,0.16,0.47,0.31,0.47,Matches,48a5a5d6
332,Emiliano Martínez,ar ARG,GK,Aston Villa,31,1992,37,37,3194,35.5,0,0,0,0,0,0,5,1,0.00,0.00,0.00,0.00,0.00,Matches,7956236f
333,Lisandro Martínez,ar ARG,DF,Manchester Utd,26,1998,20,20,1751,19.5,2,1,3,2,0,0,7,0,0.10,0.05,0.15,0.10,0.15,Matches,bac46a10
334,Pape Matar Sarr,sn SEN,MF,Tottenham,21,2002,36,22,1913,21.3,3,2,5,3,0,0,6,0,0.14,0.09,0.24,0.14,0.24,Matches,feb5d972
335,Jean-Philippe Mateta,fr FRA,FW,Crystal Palace,27,1997,37,33,2648,29.4,14,2,16,12,2,2,2,0,0.48,0.07,0.54,0.41,0.48,Matches,50e6dc35
336,Stephy Mavididi,eng ENG,MF,Leicester City,26,1998,30,16,1615,17.9,4,1,5,4,0,0,2,0,0.22,0.06,0.28,0.22,0.28,Matches,30144daa
337,Konstantinos Mavropanos,gr GRE,DF,West Ham,26,1997,33,21,2045,22.7,0,0,0,0,0,0,6,1,0.00,0.00,0.00,0.00,0.00,Matches,00963611
338,Noussair Mazraoui,ma MAR,DFMF,Manchester Utd,26,1997,37,34,2838,31.5,0,1,1,0,0,0,3,0,0.00,0.03,0.03,0.00,0.03,Matches,b74277a0
339,Bryan Mbeumo,cm CMR,MFFW,Brentford,24,1999,38,38,3414,37.9,20,7,27,15,5,6,3,0,0.53,0.18,0.71,0.40,0.58,Matches,6afaebf2
340,James Mcatee,eng ENG,MF,Manchester City,21,2002,15,3,349,3.9,3,0,3,3,0,0,1,0,0.77,0.00,0.77,0.77,0.77,Matches,96593e89
341,Kasey McAteer,ie IRL,MF,Leicester City,22,2001,18,9,852,9.5,1,1,2,1,0,0,3,0,0.11,0.11,0.21,0.11,0.21,Matches,b2c66859
342,Alex McCarthy,eng ENG,GK,Southampton,34,1989,5,5,450,5.0,0,0,0,0,0,0,0,0,0.00,0.00,0.00,0.00,0.00,Matches,36c2ca73
343,John McGinn,sct SCO,MF,Aston Villa,29,1994,34,27,2223,24.7,1,4,5,1,0,0,7,0,0.04,0.16,0.20,0.04,0.20,Matches,90f91999
344,Dwight McNeil,eng ENG,MF,Everton,24,1999,21,15,1371,15.2,4,6,10,4,0,0,1,0,0.26,0.39,0.66,0.26,0.66,Matches,fc15fb84
345,Scott McTominay,sct SCO,MF,Manchester Utd,27,1996,2,0,19,0.2,0,0,0,0,0,0,0,0,0.00,0.00,0.00,0.00,0.00,Matches,d93c2511
346,Ben Mee,eng ENG,DF,Brentford,34,1989,7,2,183,2.0,0,0,0,0,0,0,2,0,0.00,0.00,0.00,0.00,0.00,Matches,8df7a2fb
347,Jayden Meghoma,eng ENG,DF,Brentford,18,2006,1,0,5,0.1,0,0,0,0,0,0,0,0,0.00,0.00,0.00,0.00,0.00,Matches,07382f6c
348,Mikel Merino,es ESP,MFFW,Arsenal,28,1996,28,17,1586,17.6,7,2,9,7,0,0,4,1,0.40,0.11,0.51,0.40,0.51,Matches,d080ed5e
349,Shumaira Mheuka,eng ENG,FW,Chelsea,16,2007,1,0,1,0.0,0,0,0,0,0,0,0,0,0.00,0.00,0.00,0.00,0.00,Matches,43d0b694
350,Nikola Milenković,rs SRB,DF,Nottingham,26,1997,37,37,3330,37.0,5,2,7,5,0,0,4,0,0.14,0.05,0.19,0.14,0.19,Matches,bee704fc
351,Lewis Miley,eng ENG,MF,Newcastle,18,2006,14,1,313,3.5,1,0,1,1,0,0,0,0,0.29,0.00,0.29,0.29,0.29,Matches,2c6835e5
352,James Milner,eng ENG,MF,Brighton,38,1986,4,3,170,1.9,0,0,0,0,0,0,1,0,0.00,0.00,0.00,0.00,0.00,Matches,2f90f6b8
353,Tyrone Mings,eng ENG,DF,Aston Villa,31,1993,14,12,1120,12.4,0,0,0,0,0,0,1,0,0.00,0.00,0.00,0.00,0.00,Matches,8397a50c
354,Yankuba Minteh,gm GAM,MF,Brighton,20,2004,32,20,1838,20.4,6,4,10,6,0,0,6,0,0.29,0.20,0.49,0.29,0.49,Matches,c3cf087d
355,Tyrick Mitchell,eng ENG,MF,Crystal Palace,24,1999,37,37,3092,34.4,0,5,5,0,0,0,2,0,0.00,0.15,0.15,0.00,0.15,Matches,5cbd1eb0
356,Kaoru Mitoma,jp JPN,MF,Brighton,27,1997,36,28,2603,28.9,10,4,14,10,0,0,1,0,0.35,0.14,0.48,0.35,0.48,Matches,74618572
357,Jakub Moder,pl POL,MF,Brighton,25,1999,4,0,11,0.1,0,0,0,0,0,0,0,0,0.00,0.00,0.00,0.00,0.00,Matches,f230bc30
358,Jeremy Monga,eng ENG,FW,Leicester City,15,2009,7,0,112,1.2,0,0,0,0,0,0,0,0,0.00,0.00,0.00,0.00,0.00,Matches,4c168d3a
359,Mikey Moore,eng ENG,MFFW,Tottenham,16,2007,10,3,366,4.1,0,1,1,0,0,0,0,0,0.00,0.25,0.25,0.00,0.25,Matches,00953a9d
360,Ederson Moraes,br BRA,GK,Manchester City,30,1993,26,26,2320,25.8,0,4,4,0,0,0,4,0,0.00,0.16,0.16,0.00,0.16,Matches,3bb7b8b4
361,Morato,br BRA,DF,Nottingham,23,2001,26,6,907,10.1,0,0,0,0,0,0,5,0,0.00,0.00,0.00,0.00,0.00,Matches,0f41e2ee
362,Álex Moreno,es ESP,DF,Nottingham,31,1993,15,11,955,10.6,0,1,1,0,0,0,2,0,0.00,0.09,0.09,0.00,0.09,Matches,16e9d0ea
363,Sam Morsy,eg EGY,MF,Ipswich Town,32,1991,33,31,2751,30.6,1,1,2,1,0,0,10,0,0.03,0.03,0.07,0.03,0.07,Matches,a23c0949
364,Yerson Mosquera,co COL,DF,Wolves,23,2001,5,5,441,4.9,0,0,0,0,0,0,2,0,0.00,0.00,0.00,0.00,0.00,Matches,1e159d70
365,Mason Mount,eng ENG,MFFW,Manchester Utd,25,1999,17,8,622,6.9,1,0,1,1,0,0,3,0,0.14,0.00,0.14,0.14,0.14,Matches,9674002f
366,Divin Mubama,eng ENG,FW,Manchester City,19,2004,1,0,28,0.3,0,0,0,0,0,0,0,0,0.00,0.00,0.00,0.00,0.00,Matches,92868cb5
367,Mykhailo Mudryk,ua UKR,MF,Chelsea,23,2001,7,1,151,1.7,0,0,0,0,0,0,0,0,0.00,0.00,0.00,0.00,0.00,Matches,049a888d
368,Marshall Munetsi,zw ZIM,MFFW,Wolves,28,1996,14,12,1078,12.0,2,1,3,2,0,0,0,0,0.17,0.08,0.25,0.17,0.25,Matches,2acf0cd7
369,Rodrigo Muniz,br BRA,FW,Fulham,23,2001,31,8,964,10.7,8,1,9,8,0,0,1,0,0.75,0.09,0.84,0.75,0.84,Matches,a755db8c
370,Daniel Muñoz,co COL,MF,Crystal Palace,28,1996,37,37,3228,35.9,4,5,9,4,0,0,10,0,0.11,0.14,0.25,0.11,0.25,Matches,778ef829
371,Arijanet Muric,xk KVX,GK,Ipswich Town,25,1998,18,18,1620,18.0,0,0,0,0,0,0,1,0,0.00,0.00,0.00,0.00,0.00,Matches,99aa1a84
372,Murillo,br BRA,DF,Nottingham,22,2002,36,36,3188,35.4,2,0,2,2,0,0,6,0,0.06,0.00,0.06,0.06,0.06,Matches,1704b0b8
373,Jacob Murphy,eng ENG,FWMF,Newcastle,29,1995,35,31,2360,26.2,8,12,20,8,0,0,4,0,0.31,0.46,0.76,0.31,0.76,Matches,de112b84
374,Vitaliy Mykolenko,ua UKR,DF,Everton,25,1999,35,35,3082,34.2,1,2,3,1,0,0,4,0,0.03,0.06,0.09,0.03,0.09,Matches,30d4a2e5
375,Iliman Ndiaye,sn SEN,MFFW,Everton,24,2000,33,29,2430,27.0,9,0,9,7,2,2,3,0,0.33,0.00,0.33,0.26,0.26,Matches,5ed97752
376,Wilfred Ndidi,ng NGA,MF,Leicester City,27,1996,28,28,2324,25.8,0,5,5,0,0,0,8,0,0.00,0.19,0.19,0.00,0.19,Matches,6b47c5db
377,Kosta Nedeljković,rs SRB,DF,Aston Villa,18,2005,5,0,126,1.4,0,0,0,0,0,0,0,0,0.00,0.00,0.00,0.00,0.00,Matches,c70be9cf
378,Reiss Nelson,eng ENG,MF,Fulham,24,1999,11,5,487,5.4,1,1,2,1,0,0,1,0,0.18,0.18,0.37,0.18,0.37,Matches,c5bdb6e3
379,Reiss Nelson,eng ENG,FWMF,Arsenal,24,1999,1,0,3,0.0,0,0,0,0,0,0,0,0,0.00,0.00,0.00,0.00,0.00,Matches,c5bdb6e3
380,Neto,br BRA,GK,Bournemouth,35,1989,2,2,180,2.0,0,0,0,0,0,0,0,0,0.00,0.00,0.00,0.00,0.00,Matches,a9dc785c
381,Pedro Neto,pt POR,MFFW,Chelsea,24,2000,35,24,2269,25.2,4,6,10,4,0,0,8,0,0.16,0.24,0.40,0.16,0.40,Matches,7ba2eaa9
382,Eddie Nketiah,eng ENG,FWMF,Crystal Palace,25,1999,29,9,1034,11.5,3,1,4,3,0,0,6,1,0.26,0.09,0.35,0.26,0.35,Matches,a53649b7
383,Christopher Nkunku,fr FRA,MFFW,Chelsea,26,1997,27,9,921,10.2,3,2,5,3,0,0,2,0,0.29,0.20,0.49,0.29,0.49,Matches,7c56da38
384,Gustavo Nunes,br BRA,MF,Brentford,18,2005,3,0,12,0.1,0,0,0,0,0,0,0,0,0.00,0.00,0.00,0.00,0.00,Matches,e504780f
385,Matheus Nunes,pt POR,DFMF,Manchester City,25,1998,26,19,1674,18.6,1,6,7,1,0,0,4,0,0.05,0.32,0.38,0.05,0.38,Matches,e6af02e0
386,Darwin Núñez,uy URU,FW,Liverpool,25,1999,30,8,1133,12.6,5,2,7,5,0,0,8,0,0.40,0.16,0.56,0.40,0.56,Matches,4d77b365
387,Ethan Nwaneri,eng ENG,FWMF,Arsenal,17,2007,26,11,895,9.9,4,2,6,4,0,0,1,0,0.40,0.20,0.60,0.40,0.60,Matches,7f94982c
388,Christian Nørgaard,dk DEN,MF,Brentford,30,1994,34,34,2819,31.3,5,4,9,5,0,0,8,1,0.16,0.13,0.29,0.16,0.29,Matches,df0a4c90
389,Jake O'Brien,ie IRL,DF,Everton,23,2001,20,17,1571,17.5,2,0,2,2,0,0,5,0,0.11,0.00,0.11,0.11,0.11,Matches,25f2ef01
390,Nico O'Reilly,eng ENG,DF,Manchester City,19,2005,9,6,528,5.9,2,0,2,2,0,0,0,0,0.34,0.00,0.34,0.34,0.34,Matches,91ca4a16
391,Matt O'Riley,dk DEN,MF,Brighton,23,2000,21,11,938,10.4,2,2,4,1,1,1,1,0,0.19,0.19,0.38,0.10,0.29,Matches,fb495bb8
392,Dara O'Shea,ie IRL,DF,Ipswich Town,25,1999,35,35,3122,34.7,0,2,2,0,0,0,6,0,0.00,0.06,0.06,0.00,0.06,Matches,1d042188
393,Chidozie Obi-Martin,dk DEN,FW,Manchester Utd,16,2007,7,1,165,1.8,0,0,0,0,0,0,1,0,0.00,0.00,0.00,0.00,0.00,Matches,0c9bfc3b
394,Wilson Odobert,fr FRA,FWMF,Tottenham,19,2004,16,9,850,9.4,1,0,1,1,0,0,0,0,0.11,0.00,0.11,0.11,0.11,Matches,35516eac
395,Chiedozie Ogbene,ie IRL,MF,Ipswich Town,27,1997,5,3,238,2.6,0,0,0,0,0,0,0,0,0.00,0.00,0.00,0.00,0.00,Matches,788c0277
396,Caleb Okoli,it ITA,DF,Leicester City,23,2001,19,12,1125,12.5,1,0,1,1,0,0,4,0,0.08,0.00,0.08,0.08,0.08,Matches,8ec109e6
397,Robin Olsen,se SWE,GK,Aston Villa,34,1990,4,1,226,2.5,0,0,0,0,0,0,0,0,0.00,0.00,0.00,0.00,0.00,Matches,e7ee38c3
398,Amadou Onana,be BEL,MF,Aston Villa,22,2001,26,20,1617,18.0,3,0,3,3,0,0,4,0,0.17,0.00,0.17,0.17,0.17,Matches,828657ff
399,André Onana,cm CMR,GK,Manchester Utd,28,1996,34,34,3060,34.0,0,0,0,0,0,0,0,0,0.00,0.00,0.00,0.00,0.00,Matches,e9c0c1b2
400,Paul Onuachu,ng NGA,FW,Southampton,30,1994,25,11,1050,11.7,4,1,5,4,0,0,4,0,0.34,0.09,0.43,0.34,0.43,Matches,c06d1086
401,Frank Onyeka,ng NGA,MF,Brentford,26,1998,2,0,25,0.3,0,0,0,0,0,0,0,0,0.00,0.00,0.00,0.00,0.00,Matches,2944f86f
402,Lewis Orford,eng ENG,MF,West Ham,18,2006,2,0,49,0.5,0,0,0,0,0,0,0,0,0.00,0.00,0.00,0.00,0.00,Matches,40aaa04c
403,Stefan Ortega,de GER,GK,Manchester City,31,1992,13,12,1100,12.2,0,0,0,0,0,0,1,0,0.00,0.00,0.00,0.00,0.00,Matches,c1242d4e
404,William Osula,dk DEN,FW,Newcastle,20,2003,14,0,134,1.5,1,0,1,1,0,0,0,0,0.67,0.00,0.67,0.67,0.67,Matches,7b355808
405,Dango Ouattara,bf BFA,MFFW,Bournemouth,22,2002,32,21,2005,22.3,7,4,11,7,0,0,3,0,0.31,0.18,0.49,0.31,0.49,Matches,2f9e4435
406,Alex Palmer,eng ENG,GK,Ipswich Town,27,1996,13,13,1170,13.0,0,0,0,0,0,0,2,0,0.00,0.00,0.00,0.00,0.00,Matches,6ea97fd5
407,Cole Palmer,eng ENG,MF,Chelsea,22,2002,37,36,3191,35.5,15,8,23,11,4,5,7,0,0.42,0.23,0.65,0.31,0.54,Matches,dc7f8a28
408,Emerson Palmieri,it ITA,DFMF,West Ham,29,1994,31,26,2113,23.5,2,1,3,2,0,0,5,0,0.09,0.04,0.13,0.09,0.13,Matches,e0bc6fdc
409,Lucas Paquetá,br BRA,MFFW,West Ham,26,1997,33,27,2380,26.4,4,0,4,2,2,2,10,0,0.15,0.00,0.15,0.08,0.08,Matches,9b6f7fd5
410,Thomas Partey,gh GHA,MFDF,Arsenal,31,1993,35,31,2797,31.1,4,2,6,4,0,0,4,0,0.13,0.06,0.19,0.13,0.19,Matches,529f49ab
411,Nathan Patterson,sct SCO,DF,Everton,22,2001,10,3,347,3.9,0,1,1,0,0,0,1,0,0.00,0.26,0.26,0.00,0.26,Matches,230f0471
412,Andreas Pereira,br BRA,MF,Fulham,28,1996,33,25,2013,22.4,2,4,6,2,0,1,7,0,0.09,0.18,0.27,0.09,0.27,Matches,6639e500
413,Ricardo Pereira,pt POR,DF,Leicester City,30,1993,10,4,388,4.3,0,0,0,0,0,0,1,0,0.00,0.00,0.00,0.00,0.00,Matches,75a72a99
414,Kalvin Phillips,eng ENG,MF,Ipswich Town,28,1995,19,14,1237,13.7,0,0,0,0,0,0,6,1,0.00,0.00,0.00,0.00,0.00,Matches,4f565d77
415,Jaden Philogene Bidace,eng ENG,MF,Aston Villa,22,2002,11,2,332,3.7,0,0,0,0,0,0,4,1,0.00,0.00,0.00,0.00,0.00,Matches,19f4d211
416,Jaden Philogene Bidace,eng ENG,MF,Ipswich Town,22,2002,10,5,474,5.3,2,0,2,2,0,0,1,0,0.38,0.00,0.38,0.38,0.38,Matches,19f4d211
417,Jordan Pickford,eng ENG,GK,Everton,30,1994,38,38,3420,38.0,0,1,1,0,0,0,7,0,0.00,0.03,0.03,0.00,0.03,Matches,4806ec67
418,Ethan Pinnock,jm JAM,DF,Brentford,31,1993,22,21,1913,21.3,2,0,2,2,0,0,2,0,0.09,0.00,0.09,0.09,0.09,Matches,e541326e
419,Daniel Podence,pt POR,FWMF,Wolves,28,1995,2,0,48,0.5,0,0,0,0,0,0,0,0,0.00,0.00,0.00,0.00,0.00,Matches,7fcc71d8
420,Alfie Pond,eng ENG,DF,Wolves,20,2004,1,0,1,0.0,0,0,0,0,0,0,0,0,0.00,0.00,0.00,0.00,0.00,Matches,039c3d96
421,Nick Pope,eng ENG,GK,Newcastle,32,1992,28,28,2520,28.0,0,0,0,0,0,0,2,0,0.00,0.00,0.00,0.00,0.00,Matches,4b40d9ca
422,Pedro Porro,es ESP,DF,Tottenham,24,1999,33,28,2610,29.0,2,6,8,2,0,0,5,0,0.07,0.21,0.28,0.07,0.28,Matches,27d0a506
423,Jarell Quansah,eng ENG,DF,Liverpool,21,2003,13,4,495,5.5,0,0,0,0,0,0,2,0,0.00,0.00,0.00,0.00,0.00,Matches,4125cb98
424,Aaron Ramsdale,eng ENG,GK,Southampton,26,1998,30,30,2700,30.0,0,0,0,0,0,0,2,0,0.00,0.00,0.00,0.00,0.00,Matches,466fb2c5
425,Jacob Ramsey,eng ENG,MF,Aston Villa,23,2001,29,19,1623,18.0,1,3,4,1,0,0,4,1,0.06,0.17,0.22,0.06,0.22,Matches,1544f145
426,Marcus Rashford,eng ENG,FWMF,Aston Villa,26,1997,10,4,444,4.9,2,2,4,1,1,1,0,0,0.41,0.41,0.81,0.20,0.61,Matches,a1d5bd30
427,Marcus Rashford,eng ENG,MF,Manchester Utd,26,1997,15,12,978,10.9,4,1,5,4,0,0,2,0,0.37,0.09,0.46,0.37,0.46,Matches,a1d5bd30
428,David Raya,es ESP,GK,Arsenal,28,1995,38,38,3420,38.0,0,0,0,0,0,0,3,0,0.00,0.00,0.00,0.00,0.00,Matches,98ea5115
429,Harrison Reed,eng ENG,MF,Fulham,29,1995,12,0,108,1.2,0,0,0,0,0,0,2,0,0.00,0.00,0.00,0.00,0.00,Matches,803ae100
430,Remy Rees-Dottin,eng ENG,FW,Bournemouth,18,2006,1,0,1,0.0,0,0,0,0,0,0,0,0,0.00,0.00,0.00,0.00,0.00,Matches,1db75ccb
431,Sergio Reguilón,es ESP,DF,Tottenham,27,1996,4,1,196,2.2,0,0,0,0,0,0,2,0,0.00,0.00,0.00,0.00,0.00,Matches,3353737a
432,Vitor Reis,br BRA,DF,Manchester City,18,2006,1,0,1,0.0,0,0,0,0,0,0,0,0,0.00,0.00,0.00,0.00,0.00,Matches,c4ce0ab5
433,Chadi Riad,ma MAR,DF,Crystal Palace,21,2003,1,1,90,1.0,0,0,0,0,0,0,0,0,0.00,0.00,0.00,0.00,0.00,Matches,b3b9b8b8
434,Declan Rice,eng ENG,MF,Arsenal,25,1999,35,33,2825,31.4,4,7,11,4,0,0,7,1,0.13,0.22,0.35,0.13,0.35,Matches,1c7012b8
435,Chris Richards,us USA,DF,Crystal Palace,24,2000,24,22,1922,21.4,1,0,1,1,0,0,4,1,0.05,0.00,0.05,0.05,0.05,Matches,0a3d6d2b
436,Richarlison,br BRA,FW,Tottenham,27,1997,15,4,504,5.6,4,1,5,4,0,0,2,0,0.71,0.18,0.89,0.71,0.89,Matches,fa031b34
437,Andy Robertson,sct SCO,DF,Liverpool,30,1994,33,29,2482,27.6,0,1,1,0,0,0,3,1,0.00,0.04,0.04,0.00,0.04,Matches,2e4f5f03
438,Antonee Robinson,us USA,DFMF,Fulham,26,1997,36,35,3167,35.2,0,10,10,0,0,0,8,0,0.00,0.28,0.28,0.00,0.28,Matches,289601e6
439,Jay Robinson,eng ENG,MF,Southampton,17,2007,4,1,137,1.5,0,0,0,0,0,0,0,0,0.00,0.00,0.00,0.00,0.00,Matches,2a616c85
440,Rodri,es ESP,MF,Manchester City,28,1996,3,1,73,0.8,0,0,0,0,0,0,0,0,0.00,0.00,0.00,0.00,0.00,Matches,6434f10d
441,Guido Rodríguez,ar ARG,MF,West Ham,30,1994,23,16,1149,12.8,0,1,1,0,0,0,6,0,0.00,0.08,0.08,0.00,0.08,Matches,34e393f2
442,Mads Roerslev,dk DEN,DF,Brentford,25,1999,19,11,1101,12.2,0,2,2,0,0,0,2,0,0.00,0.16,0.16,0.00,0.16,Matches,57c94db2
443,Morgan Rogers,eng ENG,MF,Aston Villa,22,2002,37,37,3114,34.6,8,10,18,8,0,0,10,0,0.23,0.29,0.52,0.23,0.52,Matches,2e5915f1
444,Cristian Romero,ar ARG,DF,Tottenham,26,1998,18,18,1416,15.7,1,0,1,1,0,0,3,0,0.06,0.00,0.06,0.06,0.06,Matches,a3d94a58
445,Georginio Rutter,fr FRA,MFFW,Brighton,22,2002,28,19,1656,18.4,5,3,8,5,0,0,2,0,0.27,0.16,0.43,0.27,0.43,Matches,c64c01fc
446,José Sá,pt POR,GK,Wolves,31,1993,29,29,2609,29.0,0,0,0,0,0,0,2,0,0.00,0.00,0.00,0.00,0.00,Matches,903b6e8b
447,Bukayo Saka,eng ENG,FWMF,Arsenal,22,2001,25,20,1729,19.2,6,10,16,5,1,1,3,0,0.31,0.52,0.83,0.26,0.78,Matches,bc7dc64d
448,Mohamed Salah,eg EGY,MF,Liverpool,32,1992,38,38,3371,37.5,29,18,47,20,9,9,1,0,0.77,0.48,1.25,0.53,1.01,Matches,e342ad68
449,William Saliba,fr FRA,DF,Arsenal,23,2001,35,35,3039,33.8,2,0,2,2,0,0,2,1,0.06,0.00,0.06,0.06,0.06,Matches,972aeb2a
450,Robert Sánchez,es ESP,GK,Chelsea,26,1997,32,32,2880,32.0,0,0,0,0,0,0,5,0,0.00,0.00,0.00,0.00,0.00,Matches,6a713852
451,Jadon Sancho,eng ENG,MF,Chelsea,24,2000,31,19,1764,19.6,3,4,7,3,0,0,2,0,0.15,0.20,0.36,0.15,0.36,Matches,dbf053da
452,Ibrahim Sangaré,ci CIV,MF,Nottingham,26,1997,13,7,590,6.6,0,1,1,0,0,0,3,0,0.00,0.15,0.15,0.00,0.15,Matches,bced0375
453,Danilo Santos,br BRA,MF,Nottingham,23,2001,8,5,275,3.1,0,0,0,0,0,0,0,0,0.00,0.00,0.00,0.00,0.00,Matches,a816dbfb
454,Pablo Sarabia,es ESP,MF,Wolves,32,1992,23,7,814,9.0,3,2,5,3,0,0,3,0,0.33,0.22,0.55,0.33,0.55,Matches,9744ff80
455,Jeremy Sarmiento,ec ECU,MF,Brighton,22,2002,1,0,9,0.1,0,0,0,0,0,0,0,0,0.00,0.00,0.00,0.00,0.00,Matches,ac0d576d
456,Ismaila Sarr,sn SEN,MF,Crystal Palace,26,1998,38,30,2711,30.1,8,6,14,8,0,0,4,0,0.27,0.20,0.46,0.27,0.46,Matches,bfdb33aa
457,Sávio,br BRA,MFFW,Manchester City,20,2004,29,21,1766,19.6,1,8,9,1,0,0,3,0,0.05,0.41,0.46,0.05,0.46,Matches,fe6e7156
458,Oliver Scarles,eng ENG,MFDF,West Ham,18,2005,15,7,665,7.4,0,0,0,0,0,0,1,0,0.00,0.00,0.00,0.00,0.00,Matches,242e5e6d
459,Dane Scarlett,eng ENG,FW,Tottenham,20,2004,3,0,34,0.4,0,1,1,0,0,0,0,0,0.00,2.65,2.65,0.00,2.65,Matches,21945a9e
460,Kevin Schade,de GER,MFFW,Brentford,22,2001,38,26,2293,25.5,11,2,13,11,0,0,3,0,0.43,0.08,0.51,0.43,0.51,Matches,52afb588
461,Fabian Schär,ch SUI,DF,Newcastle,32,1991,34,33,2934,32.6,4,0,4,4,0,0,9,1,0.12,0.00,0.12,0.12,0.12,Matches,c8aa95da
462,Jeffrey Schlupp,gh GHA,DFFW,Crystal Palace,31,1992,12,0,103,1.1,0,0,0,0,0,0,0,0,0.00,0.00,0.00,0.00,0.00,Matches,3312f911
463,Alex Scott,eng ENG,MF,Bournemouth,20,2003,20,8,755,8.4,0,0,0,0,0,0,3,0,0.00,0.00,0.00,0.00,0.00,Matches,104d0bb8
464,Matz Sels,be BEL,GK,Nottingham,32,1992,38,38,3420,38.0,0,0,0,0,0,0,4,0,0.00,0.00,0.00,0.00,0.00,Matches,834b5c4c
465,Nélson Semedo,pt POR,MFDF,Wolves,30,1993,34,32,2886,32.1,0,4,4,0,0,0,8,0,0.00,0.12,0.12,0.00,0.12,Matches,d04b94db
466,Antoine Semenyo,gh GHA,MF,Bournemouth,24,2000,37,36,3203,35.6,11,5,16,11,0,0,9,0,0.31,0.14,0.45,0.31,0.45,Matches,efd2ec23
467,Marcos Senesi,ar ARG,DF,Bournemouth,27,1997,17,13,1106,12.3,0,0,0,0,0,0,5,0,0.00,0.00,0.00,0.00,0.00,Matches,35141f4c
468,Ryan Sessegnon,eng ENG,MFDF,Fulham,24,2000,16,7,580,6.4,4,2,6,4,0,0,1,0,0.62,0.31,0.93,0.62,0.93,Matches,6aa3e78b
469,Luke Shaw,eng ENG,DF,Manchester Utd,29,1995,7,4,349,3.9,0,0,0,0,0,0,1,0,0.00,0.00,0.00,0.00,0.00,Matches,9c94165b
470,Zain Silcott-Duberry,ms MSR,MF,Bournemouth,19,2005,1,0,1,0.0,0,0,0,0,0,0,0,0,0.00,0.00,0.00,0.00,0.00,Matches,2f5fa231
471,Bernardo Silva,pt POR,MF,Manchester City,29,1994,33,29,2670,29.7,4,4,8,4,0,0,7,0,0.13,0.13,0.27,0.13,0.27,Matches,3eb22ec9
472,Jota Silva,pt POR,MF,Nottingham,24,1999,31,5,854,9.5,3,1,4,3,0,0,5,0,0.32,0.11,0.42,0.32,0.42,Matches,4d77e622
473,Eric da Silva Moreira,de GER,DF,Nottingham,18,2006,2,0,30,0.3,0,0,0,0,0,0,0,0,0.00,0.00,0.00,0.00,0.00,Matches,0a4f579a
474,Jahmai Simpson-Pusey,eng ENG,DF,Manchester City,18,2005,2,1,96,1.1,0,0,0,0,0,0,1,0,0.00,0.00,0.00,0.00,0.00,Matches,383b10fd
475,Luis Sinisterra,co COL,MF,Bournemouth,25,1999,12,1,236,2.6,1,1,2,1,0,0,0,0,0.38,0.38,0.76,0.38,0.76,Matches,8e16dd48
476,Oliver Skipp,eng ENG,MF,Leicester City,23,2000,24,10,1129,12.5,0,0,0,0,0,0,8,0,0.00,0.00,0.00,0.00,0.00,Matches,6250083a
477,William Smallbone,ie IRL,MF,Southampton,24,2000,18,6,690,7.7,1,0,1,1,0,0,1,0,0.13,0.00,0.13,0.13,0.13,Matches,5e105217
478,Adam Smith,eng ENG,DF,Bournemouth,33,1991,25,19,1590,17.7,0,0,0,0,0,0,7,0,0.00,0.00,0.00,0.00,0.00,Matches,20b104bc
479,Emile Smith Rowe,eng ENG,MF,Fulham,24,2000,34,25,2043,22.7,6,3,9,6,0,0,3,0,0.26,0.13,0.40,0.26,0.40,Matches,17695062
480,Dominic Solanke,eng ENG,FW,Tottenham,26,1997,27,25,2201,24.5,9,3,12,8,1,1,0,0,0.37,0.12,0.49,0.33,0.45,Matches,e77dc3b2
481,Carlos Soler,es ESP,MF,West Ham,27,1997,31,14,1409,15.7,1,1,2,1,0,0,6,0,0.06,0.06,0.13,0.06,0.13,Matches,fed17f5a
482,Julio Soler,ar ARG,DF,Bournemouth,19,2005,3,0,11,0.1,0,0,0,0,0,0,0,0,0.00,0.00,0.00,0.00,0.00,Matches,98c8559a
483,Ramón Sosa,py PAR,MF,Nottingham,24,1999,19,1,295,3.3,1,0,1,1,0,0,1,0,0.31,0.00,0.31,0.31,0.31,Matches,2d3417a1
484,Tomáš Souček,cz CZE,MF,West Ham,29,1995,35,30,2567,28.5,9,1,10,9,0,0,8,0,0.32,0.04,0.35,0.32,0.35,Matches,6613c819
485,Boubakary Soumaré,fr FRA,MF,Leicester City,25,1999,31,25,2171,24.1,0,0,0,0,0,0,8,0,0.00,0.00,0.00,0.00,0.00,Matches,ae59b359
486,Djed Spence,eng ENG,DF,Tottenham,23,2000,25,19,1792,19.9,1,2,3,1,0,0,4,1,0.05,0.10,0.15,0.05,0.15,Matches,9bc9a519
487,Jay Stansfield,eng ENG,FWMF,Fulham,21,2002,1,0,1,0.0,0,0,0,0,0,0,0,0,0.00,0.00,0.00,0.00,0.00,Matches,b2626673
488,Jason Steele,eng ENG,GK,Brighton,33,1990,2,2,180,2.0,0,0,0,0,0,0,0,0,0.00,0.00,0.00,0.00,0.00,Matches,28300a16
489,Jack Stephens,eng ENG,DF,Southampton,30,1994,19,17,1389,15.4,1,0,1,1,0,0,2,2,0.06,0.00,0.06,0.06,0.06,Matches,6adbc307
490,Raheem Sterling,eng ENG,FWMF,Arsenal,29,1994,17,7,499,5.5,0,2,2,0,0,0,1,0,0.00,0.36,0.36,0.00,0.36,Matches,b400bde0
491,Ross Stewart,sct SCO,FW,Southampton,28,1996,12,4,389,4.3,1,0,1,1,0,0,1,0,0.23,0.00,0.23,0.23,0.23,Matches,18986367
492,Jakub Stolarczyk,pl POL,GK,Leicester City,23,2000,10,10,900,10.0,0,0,0,0,0,0,1,0,0.00,0.00,0.00,0.00,0.00,Matches,a4a76b3d
493,John Stones,eng ENG,DF,Manchester City,30,1994,11,6,548,6.1,2,0,2,2,0,0,1,0,0.33,0.00,0.33,0.33,0.33,Matches,5eecec3d
494,Jørgen Strand Larsen,no NOR,FW,Wolves,24,2000,35,30,2587,28.7,14,4,18,14,0,0,4,0,0.49,0.14,0.63,0.49,0.63,Matches,f553b2b3
495,Yukinari Sugawara,jp JPN,MFDF,Southampton,24,2000,30,16,1557,17.3,1,1,2,1,0,0,4,0,0.06,0.06,0.12,0.06,0.12,Matches,580bcd18
496,Kamaldeen Sulemana,gh GHA,FWMF,Southampton,22,2002,26,17,1402,15.6,1,1,2,1,0,0,2,0,0.06,0.06,0.13,0.06,0.13,Matches,a62f8bf1
497,Crysencio Summerville,nl NED,MFFW,West Ham,22,2001,19,7,786,8.7,1,1,2,1,0,0,2,0,0.11,0.11,0.23,0.11,0.23,Matches,df04eb4b
498,Sammie Szmodics,ie IRL,MF,Ipswich Town,28,1995,20,13,992,11.0,4,0,4,4,0,0,2,0,0.36,0.00,0.36,0.36,0.36,Matches,39944392
499,Dominik Szoboszlai,hu HUN,MF,Liverpool,23,2000,36,29,2491,27.7,6,6,12,6,0,0,6,0,0.22,0.22,0.43,0.22,0.43,Matches,934e1968
500,Matt Targett,eng ENG,DFMF,Newcastle,28,1995,2,0,21,0.2,0,0,0,0,0,0,0,0,0.00,0.00,0.00,0.00,0.00,Matches,e514ab62
501,James Tarkowski,eng ENG,DF,Everton,31,1992,33,33,2922,32.5,1,1,2,1,0,0,6,0,0.03,0.03,0.06,0.03,0.06,Matches,15ea812b
502,Marcus Tavernier,eng ENG,MF,Bournemouth,25,1999,29,20,1939,21.5,3,5,8,3,0,0,6,0,0.14,0.23,0.37,0.14,0.37,Matches,5c0da4a4
503,Charlie Taylor,eng ENG,DF,Southampton,30,1993,8,3,356,4.0,0,0,0,0,0,0,1,0,0.00,0.00,0.00,0.00,0.00,Matches,cc2d7ad5
504,Jack Taylor,ie IRL,MF,Ipswich Town,26,1998,32,4,860,9.6,1,0,1,1,0,0,4,0,0.10,0.00,0.10,0.10,0.10,Matches,48eed8d5
505,Mathys Tel,fr FRA,FW,Tottenham,19,2005,13,11,911,10.1,2,1,3,1,1,1,2,0,0.20,0.10,0.30,0.10,0.20,Matches,829aa60c
506,Kenny Tete,nl NED,DF,Fulham,28,1995,22,21,1774,19.7,0,2,2,0,0,0,5,0,0.00,0.10,0.10,0.00,0.10,Matches,77d7c96f
507,Igor Thiago,br BRA,FW,Brentford,23,2001,8,1,175,1.9,0,0,0,0,0,0,0,0,0.00,0.00,0.00,0.00,0.00,Matches,dc45ac24
508,Luke Thomas,eng ENG,DF,Leicester City,23,2001,14,13,1110,12.3,0,0,0,0,0,0,3,0,0.00,0.00,0.00,0.00,0.00,Matches,fc027d02
509,Youri Tielemans,be BEL,MF,Aston Villa,27,1997,36,35,3026,33.6,3,7,10,3,0,1,4,0,0.09,0.21,0.30,0.09,0.30,Matches,56f7a928
510,Kieran Tierney,sct SCO,DF,Arsenal,27,1997,13,2,259,2.9,1,0,1,1,0,0,0,0,0.35,0.00,0.35,0.35,0.35,Matches,fce2302c
511,Jurriën Timber,nl NED,DF,Arsenal,23,2001,30,27,2417,26.9,1,3,4,1,0,0,7,0,0.04,0.11,0.15,0.04,0.15,Matches,41034650
512,Jean-Clair Todibo,fr FRA,DF,West Ham,24,1999,27,20,1825,20.3,0,0,0,0,0,0,3,0,0.00,0.00,0.00,0.00,0.00,Matches,88f130ed
513,Harry Toffolo,eng ENG,DF,Nottingham,28,1995,4,1,137,1.5,0,0,0,0,0,0,1,0,0.00,0.00,0.00,0.00,0.00,Matches,a105d46a
514,Takehiro Tomiyasu,jp JPN,DF,Arsenal,25,1998,1,0,7,0.1,0,0,0,0,0,0,0,0,0.00,0.00,0.00,0.00,0.00,Matches,b3af9be1
515,Sandro Tonali,it ITA,MF,Newcastle,24,2000,36,28,2630,29.2,4,2,6,4,0,0,5,0,0.14,0.07,0.21,0.14,0.21,Matches,0db169ae
516,Pau Torres,es ESP,DF,Aston Villa,27,1997,24,23,2020,22.4,0,0,0,0,0,0,2,0,0.00,0.00,0.00,0.00,0.00,Matches,532e1e4f
517,Conor Townsend,eng ENG,DF,Ipswich Town,31,1993,6,3,335,3.7,0,1,1,0,0,0,1,0,0.00,0.27,0.27,0.00,0.27,Matches,4dc4f138
518,Adama Traoré,es ESP,MF,Fulham,28,1996,36,18,1772,19.7,2,7,9,2,0,0,3,0,0.10,0.36,0.46,0.10,0.46,Matches,9a28eba4
519,Boubacar Traoré,ml MLI,MF,Wolves,22,2001,1,0,1,0.0,0,0,0,0,0,0,0,0,0.00,0.00,0.00,0.00,0.00,Matches,999ceb5f
520,Mark Travers,ie IRL,GK,Bournemouth,25,1999,5,5,450,5.0,0,0,0,0,0,0,0,0,0.00,0.00,0.00,0.00,0.00,Matches,fe558029
521,Ryan Trevitt,eng ENG,MF,Brentford,21,2003,1,0,4,0.0,0,0,0,0,0,0,0,0,0.00,0.00,0.00,0.00,0.00,Matches,732327ae
522,Kieran Trippier,eng ENG,DF,Newcastle,33,1990,25,14,1309,14.5,0,3,3,0,0,0,1,0,0.00,0.21,0.21,0.00,0.21,Matches,21512407
523,Leandro Trossard,be BEL,FW,Arsenal,29,1994,38,28,2546,28.3,8,7,15,8,0,0,4,1,0.28,0.25,0.53,0.28,0.53,Matches,38ceb24a
524,Kostas Tsimikas,gr GRE,DF,Liverpool,28,1996,18,9,837,9.3,0,1,1,0,0,0,2,0,0.00,0.11,0.11,0.00,0.11,Matches,f315ca93
525,Axel Tuanzebe,cd COD,DF,Ipswich Town,26,1997,22,20,1710,19.0,0,1,1,0,0,0,5,1,0.00,0.05,0.05,0.00,0.05,Matches,2baec6ce
526,Destiny Udogie,it ITA,DF,Tottenham,21,2002,25,24,1924,21.4,0,1,1,0,0,0,2,0,0.00,0.05,0.05,0.00,0.05,Matches,7cd520e8
527,Manuel Ugarte,uy URU,MF,Manchester Utd,23,2001,29,22,1785,19.8,1,2,3,1,0,0,11,0,0.05,0.10,0.15,0.05,0.15,Matches,c9817014
528,Lesley Ugochukwu,fr FRA,MF,Southampton,20,2004,26,18,1655,18.4,1,1,2,1,0,0,7,0,0.05,0.05,0.11,0.05,0.11,Matches,1df4a109
529,Enes Ünal,tr TUR,FW,Bournemouth,27,1997,17,2,345,3.8,2,1,3,2,0,0,2,0,0.52,0.26,0.78,0.52,0.78,Matches,f8eca1b6
530,Hákon Valdimarsson,is ISL,GK,Brentford,22,2001,2,1,145,1.6,0,0,0,0,0,0,0,0,0.00,0.00,0.00,0.00,0.00,Matches,57a34cf4
531,Virgil van Dijk,nl NED,DF,Liverpool,33,1991,37,37,3330,37.0,3,1,4,3,0,0,5,0,0.08,0.03,0.11,0.08,0.11,Matches,e06683ca
532,Jamie Vardy,eng ENG,FW,Leicester City,37,1987,35,35,2823,31.4,9,4,13,8,1,2,5,0,0.29,0.13,0.41,0.26,0.38,Matches,45963054
533,Renato Veiga,pt POR,MF,Chelsea,21,2003,7,1,181,2.0,0,0,0,0,0,0,2,0,0.00,0.00,0.00,0.00,0.00,Matches,fc8fcbd1
534,Joël Veltman,nl NED,DF,Brighton,32,1992,21,19,1697,18.9,0,0,0,0,0,0,5,0,0.00,0.00,0.00,0.00,0.00,Matches,dad4b285
535,Micky van de Ven,nl NED,DF,Tottenham,23,2001,13,12,1015,11.3,0,2,2,0,0,0,4,0,0.00,0.18,0.18,0.00,0.18,Matches,8fe2a392
536,Bart Verbruggen,nl NED,GK,Brighton,21,2002,36,36,3240,36.0,0,1,1,0,0,0,5,0,0.00,0.03,0.03,0.00,0.03,Matches,cf134113
537,Jannik Vestergaard,dk DEN,DF,Leicester City,31,1992,18,16,1391,15.5,0,0,0,0,0,0,5,0,0.00,0.00,0.00,0.00,0.00,Matches,1900032e
538,Guglielmo Vicario,it ITA,GK,Tottenham,27,1996,24,24,2160,24.0,0,0,0,0,0,0,1,0,0.00,0.00,0.00,0.00,0.00,Matches,77d6fd4d
539,Carlos Vinícius,br BRA,FW,Fulham,29,1995,3,0,16,0.2,0,0,0,0,0,0,0,0,0.00,0.00,0.00,0.00,0.00,Matches,8b529245
540,Kyle Walker,eng ENG,DF,Manchester City,34,1990,15,9,970,10.8,0,0,0,0,0,0,3,0,0.00,0.00,0.00,0.00,0.00,Matches,86dd77d1
541,Kyle Walker-Peters,eng ENG,MFDF,Southampton,27,1997,33,33,2918,32.4,0,2,2,0,0,0,5,0,0.00,0.06,0.06,0.00,0.06,Matches,984a5a64
542,Christian Walton,eng ENG,GK,Ipswich Town,28,1995,7,7,630,7.0,0,0,0,0,0,0,0,0,0.00,0.00,0.00,0.00,0.00,Matches,c666574f
543,Aaron Wan-Bissaka,cd COD,DFMF,West Ham,26,1997,36,35,3154,35.0,2,5,7,2,0,0,1,0,0.06,0.14,0.20,0.06,0.20,Matches,9e525177
544,Danny Ward,wls WAL,GK,Leicester City,31,1993,2,1,135,1.5,0,0,0,0,0,0,0,0,0.00,0.00,0.00,0.00,0.00,Matches,d3ce0e89
545,Joel Ward,eng ENG,DF,Crystal Palace,34,1989,2,1,71,0.8,0,0,0,0,0,0,1,0,0.00,0.00,0.00,0.00,0.00,Matches,8a7ff278
546,James Ward-Prowse,eng ENG,MF,West Ham,29,1994,15,12,1039,11.5,1,1,2,1,0,0,2,0,0.09,0.09,0.17,0.09,0.17,Matches,3515d404
547,James Ward-Prowse,eng ENG,MF,Nottingham,29,1994,9,5,400,4.4,0,1,1,0,0,0,2,1,0.00,0.23,0.23,0.00,0.23,Matches,3515d404
548,Ollie Watkins,eng ENG,FW,Aston Villa,28,1995,38,31,2598,28.9,16,8,24,14,2,2,2,0,0.55,0.28,0.83,0.48,0.76,Matches,aed3a70f
549,Adam Webster,eng ENG,DF,Brighton,29,1995,14,11,887,9.9,0,0,0,0,0,0,1,0,0.00,0.00,0.00,0.00,0.00,Matches,c40b6180
550,Danny Welbeck,eng ENG,FW,Brighton,33,1990,30,24,2115,23.5,10,4,14,9,1,1,5,0,0.43,0.17,0.60,0.38,0.55,Matches,ce5143da
551,Welington,br BRA,MFDF,Southampton,23,2001,10,6,482,5.4,0,0,0,0,0,0,1,0,0.00,0.00,0.00,0.00,0.00,Matches,a7f95b1f
552,Timo Werner,de GER,FWMF,Tottenham,28,1996,18,4,516,5.7,0,3,3,0,0,0,0,0,0.00,0.52,0.52,0.00,0.52,Matches,49fe9070
553,Adam Wharton,eng ENG,MF,Crystal Palace,20,2004,20,16,1318,14.6,0,2,2,0,0,0,2,0,0.00,0.14,0.14,0.00,0.14,Matches,4b542852
554,Ben White,eng ENG,DF,Arsenal,26,1997,17,13,1198,13.3,0,2,2,0,0,0,2,0,0.00,0.15,0.15,0.00,0.15,Matches,35e413f1
555,Mats Wieffer,nl NED,DFMF,Brighton,24,1999,25,10,1015,11.3,1,3,4,1,0,0,6,0,0.09,0.27,0.35,0.09,0.35,Matches,4876c9ab
556,Neco Williams,wls WAL,DFMF,Nottingham,23,2001,35,28,2594,28.8,1,3,4,1,0,0,7,0,0.03,0.10,0.14,0.03,0.14,Matches,dd323728
557,Willian,br BRA,MFFW,Fulham,35,1988,10,2,257,2.9,0,0,0,0,0,0,0,0,0.00,0.00,0.00,0.00,0.00,Matches,8b9ebd03
558,Joe Willock,eng ENG,MF,Newcastle,24,1999,32,11,1086,12.1,0,2,2,0,0,0,4,0,0.00,0.17,0.17,0.00,0.17,Matches,a3b03921
559,Callum Wilson,eng ENG,FW,Newcastle,32,1992,18,2,370,4.1,0,0,0,0,0,0,1,0,0.00,0.00,0.00,0.00,0.00,Matches,c596fcb0
560,Harry Wilson,wls WAL,MFFW,Fulham,27,1997,25,12,1162,12.9,6,1,7,6,0,0,2,0,0.46,0.08,0.54,0.46,0.54,Matches,c6dc9ecd
561,Harry Winks,eng ENG,MF,Leicester City,28,1996,22,17,1538,17.1,0,2,2,0,0,0,4,0,0.00,0.12,0.12,0.00,0.12,Matches,2f7acede
562,Ben Winterburn,eng ENG,MF,Bournemouth,19,2004,4,0,24,0.3,0,0,0,0,0,0,0,0,0.00,0.00,0.00,0.00,0.00,Matches,ba31eee2
563,Yoane Wissa,cd COD,FW,Brentford,27,1996,35,34,2919,32.4,19,4,23,19,0,0,5,0,0.59,0.12,0.71,0.59,0.71,Matches,2500cef9
564,Chris Wood,nz NZL,FW,Nottingham,32,1991,36,35,2959,32.9,20,3,23,17,3,3,1,0,0.61,0.09,0.70,0.52,0.61,Matches,4e9a0555
565,Nathan Wood-Gordon,eng ENG,DF,Southampton,22,2002,11,9,773,8.6,0,0,0,0,0,0,2,0,0.00,0.00,0.00,0.00,0.00,Matches,4ccf2d5b
566,Luke Woolfenden,eng ENG,DF,Ipswich Town,25,1998,15,12,1187,13.2,0,0,0,0,0,0,2,0,0.00,0.00,0.00,0.00,0.00,Matches,e28e9bec
567,Yehor Yarmoliuk,ua UKR,MF,Brentford,20,2004,31,15,1450,16.1,0,0,0,0,0,0,6,0,0.00,0.00,0.00,0.00,0.00,Matches,907a5d7c
568,Ryan Yates,eng ENG,MF,Nottingham,26,1997,35,18,1915,21.3,2,1,3,2,0,0,10,0,0.09,0.05,0.14,0.09,0.14,Matches,c1fe2a48
569,Leny Yoro,fr FRA,DF,Manchester Utd,18,2005,21,12,1165,12.9,0,0,0,0,0,0,5,0,0.00,0.00,0.00,0.00,0.00,Matches,6763f716
570,Ashley Young,eng ENG,DF,Everton,39,1985,32,19,1875,20.8,1,3,4,1,0,0,7,1,0.05,0.14,0.19,0.05,0.19,Matches,be927d03
571,Illia Zabarnyi,ua UKR,DF,Bournemouth,21,2002,36,35,3109,34.5,0,1,1,0,0,0,4,1,0.00,0.03,0.03,0.00,0.03,Matches,88968486
572,Oleksandr Zinchenko,ua UKR,DFMF,Arsenal,27,1996,15,5,527,5.9,0,1,1,0,0,0,1,0,0.00,0.17,0.17,0.00,0.17,Matches,51cf8561
573,Joshua Zirkzee,nl NED,FWMF,Manchester Utd,23,2001,32,14,1402,15.6,3,1,4,3,0,0,2,0,0.19,0.06,0.26,0.19,0.26,Matches,028e70b9
574,Martin Ødegaard,no NOR,MF,Arsenal,25,1998,30,26,2325,25.8,3,8,11,2,1,1,4,0,0.12,0.31,0.43,0.08,0.39,Matches,79300479


Provided by <a href="https://www.sports-reference.com/sharing.html?utm_source=direct&utm_medium=Share&utm_campaign=ShareTool">FBref.com</a>: <a href="https://fbref.com/en/comps/9/2024-2025/stats/2024-2025-Premier-League-Stats?sr&utm_source=direct&utm_medium=Share&utm_campaign=ShareTool#stats_standard">View Original Table</a><br>Generated 7/28/2026.